["TO - XAMBIOA","TO - TOCANTINOPOLIS","TO - PALMAS","TO - TAGUATINGA","TO - SITIO NOVO DO TOCANTINS","TO - PORTO NACIONAL","TO - PONTE ALTA DO TOCANTINS","TO - COLMEIA","TO - PEDRO AFONSO","TO - PARANA","TO - PARAISO DO TOCANTINS","TO - NATIVIDADE","TO - MIRANORTE","TO - MIRACEMA DO TOCANTINS","TO - LAJEADO","TO - ITACAJA","TO - GURUPI","TO - GUARAI","TO - FORMOSO DO ARAGUAIA","TO - DIANOPOLIS","TO - COLINAS DO TOCANTINS","TO - CASEARA","TO - CAMPOS LINDOS","TO - AUGUSTINOPOLIS","TO - ARRAIAS","TO - ARAPOEMA","TO - ARAGUATINS","TO - ARAGUAINA","TO - ARAGUACU","TO - ALVORADA","SP - VOTUPORANGA","SP - VOTORANTIM","SP - VINHEDO","SP - VIRADOURO","SP - VARZEA PAULISTA","SP - VARGEM GRANDE PAULISTA","SP - VALPARAISO","SP - VARGEM GRANDE DO SUL","SP - VALINHOS","SP - UBATUBA","SP - TUPA","SP - TREMEMBE","SP - TIETE","SP - TEODORO SAMPAIO","SP - TAUBATE","SP - TATUI","SP - TAQUARITINGA","SP - TAQUARITUBA","SP - TAPIRATIBA","SP - TANABI","SP - SUZANO","SP - TABOAO DA SERRA","SP - SUMARE","SP - SOROCABA","SP - SOCORRO","SP - SERRA NEGRA","SP - SERTAOZINHO","SP - SERRANA","SP - SARAPUI","SP - SAO VICENTE","SP - SAO SIMAO","SP - SAO SEBASTIAO","SP - SAO ROQUE","SP - SAO PEDRO","SP - SAO PAULO","SP - SAO MIGUEL ARCANJO","SP - SAO MANUEL","SP - SAO JOSE DOS CAMPOS","SP - SAO JOSE DO RIO PARDO","SP - SAO JOSE DO RIO PRETO","SP - SAO JOAQUIM DA BARRA","SP - SAO JOAO DA BOA VISTA","SP - SAO CARLOS","SP - SAO CAETANO DO SUL","SP - SAO BENTO DO SAPUCAI","SP - SAO BERNARDO DO CAMPO","SP - SANTOS","SP - SANTO ANTONIO DE POSSE","SP - SANTO ANASTACIO","SP - SANTO ANDRE","SP - SANTA ROSA DE VITERBO","SP - SANTA RITA DO PASSA QUATRO","SP - SANTA ISABEL","SP - SANTANA DE PARNAIBA","SP - SANTA FE DO SUL","SP - SANTA CRUZ DO RIO PARDO","SP - SANTA CRUZ DAS PALMEIRAS","SP - SANTA BARBARA DOESTE","SP - SANTA ADELIA","SP - SALTO DE PIRAPORA","SP - SALTO","SP - SALESOPOLIS","SP - ROSEIRA","SP - ROSANA","SP - RIO GRANDE DA SERRA","SP - RIO DAS PEDRAS","SP - RIO CLARO","SP - RIBEIRAO PRETO","SP - RIBEIRAO PIRES","SP - RIBEIRAO BONITO","SP - REGENTE FEIJO","SP - REGISTRO","SP - RANCHARIA","SP - QUATA","SP - PROMISSAO","SP - PRESIDENTE VENCESLAU","SP - PRESIDENTE PRUDENTE","SP - PRESIDENTE EPITACIO","SP - PRAIA GRANDE","SP - PORTO FERREIRA","SP - PORTO FELIZ","SP - PONTAL","SP - POMPEIA","SP - POA","SP - PITANGUEIRAS","SP - PIRASSUNUNGA","SP - PIRAPOZINHO","SP - PIRAJUI","SP - PIRAJU","SP - PIRACICABA","SP - PINDAMONHANGABA","SP - PINDORAMA","SP - PILAR DO SUL","SP - PIEDADE","SP - PIACATU","SP - PERUIBE","SP - PEREIRA BARRETO","SP - PENAPOLIS","SP - PEDERNEIRAS","SP - PEDREIRA","SP - PAULO DE FARIA","SP - PAULINIA","SP - PARANAPANEMA","SP - PARIQUERA-ACU","SP - PARAGUACU PAULISTA","SP - PALMITAL","SP - OURINHOS","SP - OSVALDO CRUZ","SP - OSASCO","SP - ORLANDIA","SP - OLIMPIA","SP - NOVA ODESSA","SP - NOVO HORIZONTE","SP - NOVA GRANADA","SP - MORUNGABA","SP - MORRO AGUDO","SP - MONTE MOR","SP - MONTE APRAZIVEL","SP - MONTE ALTO","SP - MONGAGUA","SP - MOGI MIRIM","SP - MOGI GUACU","SP - MOCOCA","SP - MOGI DAS CRUZES","SP - MIRASSOL","SP - MIRANTE DO PARANAPANEMA","SP - MIGUELOPOLIS","SP - MIRANDOPOLIS","SP - MAUA","SP - MATAO","SP - MARTINOPOLIS","SP - MARILIA","SP - MAIRIPORA","SP - MAIRINQUE","SP - LUCELIA","SP - MACATUBA","SP - LOUVEIRA","SP - LINS","SP - LORENA","SP - LIMEIRA","SP - LENCOIS PAULISTA","SP - LARANJAL PAULISTA","SP - LEME","SP - JUNQUEIROPOLIS","SP - JUNDIAI","SP - JAU","SP - JOSE BONIFACIO","SP - JARINU","SP - JARDINOPOLIS","SP - JANDIRA","SP - JALES","SP - JAGUARIUNA","SP - JACAREI","SP - JABOTICABAL","SP - ITUVERAVA","SP - ITUPEVA","SP - ITU","SP - ITARIRI","SP - ITATIBA","SP - ITARARE","SP - ITAQUAQUECETUBA","SP - ITAPORANGA","SP - ITAPOLIS","SP - ITAPIRA","SP - ITAPEVI","SP - ITAPETININGA","SP - ITAPEVA","SP - ITAPECERICA DA SERRA","SP - ITANHAEM","SP - ITAI","SP - ITAJOBI","SP - INDAIATUBA","SP - ILHA SOLTEIRA","SP - ILHABELA","SP - IGUAPE","SP - IGARAPAVA","SP - IBIUNA","SP - IBITINGA","SP - IBATE","SP - HORTOLANDIA","SP - GUARULHOS","SP - GUARUJA","SP - GUARIBA","SP - GUARATINGUETA","SP - GUARAREMA","SP - GUARARAPES","SP - GUAIRA","SP - GUAICARA","SP - GARCA","SP - FRANCO DA ROCHA","SP - FRANCISCO MORATO","SP - FRANCA","SP - FERRAZ DE VASCONCELOS","SP - FARTURA","SP - FERNANDOPOLIS","SP - EUCLIDES DA CUNHA PAULISTA","SP - ESPIRITO SANTO DO PINHAL","SP - ENGENHEIRO COELHO","SP - EMBU-GUACU","SP - EMBU DAS ARTES","SP - DRACENA","SP - DIADEMA","SP - DOIS CORREGOS","SP - DESCALVADO","SP - CUBATAO","SP - CRUZEIRO","SP - CRAVINHOS","SP - COTIA","SP - COSMOPOLIS","SP - CORDEIROPOLIS","SP - CONCHAL","SP - CONCHAS","SP - CESARIO LANGE","SP - CERQUILHO","SP - CERQUEIRA CESAR","SP - CATANDUVA","SP - CASA BRANCA","SP - CARAGUATATUBA","SP - CARAPICUIBA","SP - CAPIVARI","SP - CAPAO BONITO","SP - CANDIDO MOTA","SP - CAMPOS DO JORDAO","SP - CAMPO LIMPO PAULISTA","SP - CAMPINAS","SP - CAJURU","SP - CAJATI","SP - CAJAMAR","SP - CAIEIRAS","SP - CACHOEIRA PAULISTA","SP - CAFELANDIA","SP - CACAPAVA","SP - CABREUVA","SP - BRODOWSKI","SP - BURI","SP - BRAGANCA PAULISTA","SP - BOTUCATU","SP - BIRITIBA-MIRIM","SP - BOITUVA","SP - BIRIGUI","SP - BERTIOGA","SP - BEBEDOURO","SP - BAURU","SP - BATATAIS","SP - BARUERI","SP - BASTOS","SP - BARRETOS","SP - BARIRI","SP - BARRA BONITA","SP - AVARE","SP - ATIBAIA","SP - ARUJA","SP - ASSIS","SP - ARTUR NOGUEIRA","SP - ARARAS","SP - ARARAQUARA","SP - ARACOIABA DA SERRA","SP - ARACATUBA","SP - APIAI","SP - ARACARIGUAMA","SP - APARECIDA","SP - ANDRADINA","SP - AMPARO","SP - AMERICANA","SP - ALVARES MACHADO","SP - ALFREDO MARCONDES","SP - AGUDOS","SP - AGUAS DE LINDOIA","SP - AGUAI","SP - ADAMANTINA","SE - UMBAUBA","SE - TOBIAS BARRETO","SE - SIMAO DIAS","SE - SAO CRISTOVAO","SE - PROPRIA","SE - POCO VERDE","SE - NOSSA SENHORA DO SOCORRO","SE - LAGARTO","SE - NOSSA SENHORA DA GLORIA","SE - ITABAIANINHA","SE - ITABAIANA","SE - ESTANCIA","SE - BOQUIM","SE - CANINDE DE SAO FRANCISCO","SE - BARRA DOS COQUEIROS","SE - ARACAJU","SC - XAXIM","SC - XANXERE","SC - VIDEIRA","SC - URUSSANGA","SC - TUBARAO","SC - TREZE TILIAS","SC - TIMBO","SC - TIJUCAS","SC - TAIO","SC - SOMBRIO","SC - SEARA","SC - SAUDADES","SC - SAO MIGUEL DO OESTE","SC - SAO LOURENCO DO OESTE","SC - SAO JOSE DO CEDRO","SC - SAO JOSE","SC - SAO JOAQUIM","SC - SAO JOAO BATISTA","SC - SAO DOMINGOS","SC - SAO FRANCISCO DO SUL","SC - SAO CARLOS","SC - SANTO AMARO DA IMPERATRIZ","SC - SAO BENTO DO SUL","SC - SANTA CECILIA","SC - RIO NEGRINHO","SC - RIO DO SUL","SC - QUILOMBO","SC - PRESIDENTE GETULIO","SC - PRAIA GRANDE","SC - POUSO REDONDO","SC - PORTO UNIAO","SC - PORTO BELO","SC - PONTE ALTA","SC - POMERODE","SC - PINHALZINHO","SC - BALNEARIO PICARRAS","SC - PENHA","SC - PAPANDUVA","SC - PALMITOS","SC - PALMA SOLA","SC - PALHOCA","SC - OTACILIO COSTA","SC - ORLEANS","SC - NOVA TRENTO","SC - NAVEGANTES","SC - MODELO","SC - MARAVILHA","SC - MAJOR VIEIRA","SC - MAFRA","SC - LAURO MULLER","SC - LAGUNA","SC - LAGES","SC - JOINVILLE","SC - JOACABA","SC - JARAGUA DO SUL","SC - JAGUARUNA","SC - ITUPORANGA","SC - ITAPOA","SC - ITAPIRANGA","SC - ITAPEMA","SC - ITAIOPOLIS","SC - ITAJAI","SC - IRANI","SC - IPUMIRIM","SC - INDAIAL","SC - IPORA DO OESTE","SC - IMBITUBA","SC - ICARA","SC - HERVAL DOESTE","SC - IBIRAMA","SC - GUARAMIRIM","SC - GASPAR","SC - GARUVA","SC - GAROPABA","SC - FRAIBURGO","SC - FORQUILHINHA","SC - FLORIANOPOLIS","SC - DIONISIO CERQUEIRA","SC - CURITIBANOS","SC - CUNHA PORA","SC - CRICIUMA","SC - CONCORDIA","SC - CHAPECO","SC - CAPIVARI DE BAIXO","SC - CAPINZAL","SC - CANOINHAS","SC - CAMPOS NOVOS","SC - CAMBORIU","SC - CAMPO ERE","SC - CAIBI","SC - CACADOR","SC - BRUSQUE","SC - BOMBINHAS","SC - BRACO DO NORTE","SC - BLUMENAU","SC - BIGUACU","SC - BARRA VELHA","SC - BALNEARIO CAMBORIU","SC - ARARANGUA","SC - ARMAZEM","SC - ARAQUARI","SC - AGROLANDIA","SC - ABELARDO LUZ","RS - VIAMAO","RS - VERANOPOLIS","RS - VENANCIO AIRES","RS - URUGUAIANA","RS - VACARIA","RS - TRIUNFO","RS - TRINDADE DO SUL","RS - TRES PASSOS","RS - TRES DE MAIO","RS - TRES COROAS","RS - TRAMANDAI","RS - TORRES","RS - TEUTONIA","RS - TAQUARI","RS - TENENTE PORTELA","RS - TAQUARA","RS - TAPES","RS - TAPEJARA","RS - TAPERA","RS - SOLEDADE","RS - SOBRADINHO","RS - SERAFINA CORREA","RS - SERTAO SANTANA","RS - SARANDI","RS - SAPUCAIA DO SUL","RS - SAPIRANGA","RS - SAO VICENTE DO SUL","RS - SAO SEBASTIAO DO CAI","RS - SAO PAULO DAS MISSOES","RS - SAO PEDRO DO SUL","RS - SAO MARCOS","RS - SAO LUIZ GONZAGA","RS - SAO LOURENCO DO SUL","RS - SAO JOSE DO NORTE","RS - SAO LEOPOLDO","RS - SAO JERONIMO","RS - SAO GABRIEL","RS - SAO FRANCISCO DE PAULA","RS - SAO FRANCISCO DE ASSIS","RS - SAO BORJA","RS - SANTO AUGUSTO","RS - SANTO CRISTO","RS - SANTO ANTONIO DA PATRULHA","RS - SANTO ANGELO","RS - SANTIAGO","RS - SANTA VITORIA DO PALMAR","RS - SANTA ROSA","RS - SANTANA DO LIVRAMENTO","RS - SANTA MARIA","RS - SANTA CRUZ DO SUL","RS - SANANDUVA","RS - SALTO DO JACUI","RS - ROSARIO DO SUL","RS - ROLANTE","RS - RIO GRANDE","RS - RIO PARDO","RS - RESTINGA SECA","RS - REDENTORA","RS - QUARAI","RS - PORTO ALEGRE","RS - PORTO XAVIER","RS - PORTAO","RS - PIRATINI","RS - PINHEIRO MACHADO","RS - PELOTAS","RS - PASSO FUNDO","RS - PAROBE","RS - PANAMBI","RS - PALMITINHO","RS - PALMARES DO SUL","RS - PALMEIRA DAS MISSOES","RS - OSORIO","RS - NOVO HAMBURGO","RS - NOVA SANTA RITA","RS - NOVA PRATA","RS - NOVA PETROPOLIS","RS - NOVA HARTZ","RS - NOVA ESPERANCA DO SUL","RS - NONOAI","RS - NAO-ME-TOQUE","RS - MOSTARDAS","RS - MARAU","RS - MONTENEGRO","RS - MACHADINHO","RS - LAJEADO","RS - LAGOA VERMELHA","RS - JULIO DE CASTILHOS","RS - JAGUARAO","RS - JAGUARI","RS - IVOTI","RS - ITAQUI","RS - IJUI","RS - IGREJINHA","RS - IBIRUBA","RS - HORIZONTINA","RS - GUAPORE","RS - GUAIBA","RS - GRAVATAI","RS - GRAMADO","RS - GETULIO VARGAS","RS - GARIBALDI","RS - FREDERICO WESTPHALEN","RS - FONTOURA XAVIER","RS - FLORES DA CUNHA","RS - FELIZ","RS - FAXINAL DO SOTURNO","RS - FARROUPILHA","RS - ESTRELA","RS - ESTEIO","RS - ESPUMOSO","RS - ESTANCIA VELHA","RS - ERVAL SECO","RS - ERVAL GRANDE","RS - ERECHIM","RS - ENCRUZILHADA DO SUL","RS - ENCANTADO","RS - ELDORADO DO SUL","RS - DOM PEDRITO","RS - DOIS IRMAOS","RS - CRUZ ALTA","RS - CRISTAL","RS - CRISSIUMAL","RS - CORONEL BICACO","RS - CIDREIRA","RS - CHARQUEADAS","RS - CERRO LARGO","RS - CERRO GRANDE DO SUL","RS - CAXIAS DO SUL","RS - CASCA","RS - CARLOS BARBOSA","RS - CARAZINHO","RS - CAPAO DO LEAO","RS - CAPAO DA CANOA","RS - CANGUCU","RS - CANOAS","RS - CANELA","RS - CAMPO BOM","RS - CAMAQUA","RS - CACHOEIRINHA","RS - CACAPAVA DO SUL","RS - CACHOEIRA DO SUL","RS - BOM RETIRO DO SUL","RS - BOA VISTA DO BURICA","RS - BENTO GONCALVES","RS - BARRA DO RIBEIRO","RS - BAGE","RS - ARVOREZINHA","RS - ARROIO GRANDE","RS - ARROIO DO TIGRE","RS - ARROIO DOS RATOS","RS - ARROIO DO MEIO","RS - AMETISTA DO SUL","RS - ALVORADA","RS - ALEGRETE","RS - AGUDO","RR - SAO JOAO DA BALIZA","RR - RORAINOPOLIS","RO - MONTE NEGRO","RR - BOA VISTA","RO - MIRANTE DA SERRA","RO - ITAPUA DO OESTE","RO - CHUPINGUAIA","RO - BURITIS","RO - CANDEIAS DO JAMARI","RO - ALTO ALEGRE DOS PARECIS","RO - NOVA MAMORE","RO - VILHENA","RO - SAO MIGUEL DO GUAPORE","RO - ROLIM DE MOURA","RO - PORTO VELHO","RO - OURO PRETO DO OESTE","RO - PIMENTA BUENO","RO - NOVA BRASILANDIA DOESTE","RO - MACHADINHO DOESTE","RO - JI-PARANA","RO - JARU","RO - GUAJARA-MIRIM","RO - ESPIGAO DOESTE","RO - COLORADO DO OESTE","RO - CEREJEIRAS","RO - CACOAL","RO - ARIQUEMES","RO - ALTA FLORESTA DOESTE","RN - SAO VICENTE","RN - SAO PAULO DO POTENGI","RN - SAO MIGUEL","RN - SAO JOSE DE MIPIBU","RN - SAO GONCALO DO AMARANTE","RN - SANTA CRUZ","RN - PAU DOS FERROS","RN - SANTA MARIA","RN - PATU","RN - PARELHAS","RN - NOVA CRUZ","RN - NATAL","RN - MOSSORO","RN - MACAU","RN - MACAIBA","RN - JOAO CAMARA","RN - GOIANINHA","RN - EXTREMOZ","RN - PARNAMIRIM","RN - CURRAIS NOVOS","RN - CEARA-MIRIM","RN - CAICO","RN - AUGUSTO SEVERO (CAMPO GRANDE)","RN - APODI","RN - ACU","RJ - VOLTA REDONDA","RJ - VASSOURAS","RJ - VALENCA","RJ - TRES RIOS","RJ - TERESOPOLIS","RJ - TANGUA","RJ - SEROPEDICA","RJ - SAQUAREMA","RJ - SAPUCAIA","RJ - SAO PEDRO DA ALDEIA","RJ - SAO JOAO DE MERITI","RJ - SAO JOAO DA BARRA","RJ - SAO GONCALO","RJ - SAO FIDELIS","RJ - SAO FRANCISCO DE ITABAPOANA","RJ - SANTO ANTONIO DE PADUA","RJ - RIO DE JANEIRO","RJ - RIO DAS OSTRAS","RJ - RIO CLARO","RJ - RIO BONITO","RJ - RESENDE","RJ - QUEIMADOS","RJ - QUISSAMA","RJ - PORTO REAL","RJ - PORCIUNCULA","RJ - PIRAI","RJ - PETROPOLIS","RJ - PINHEIRAL","RJ - PATY DO ALFERES","RJ - PARATY","RJ - PARACAMBI","RJ - PARAIBA DO SUL","RJ - NOVA IGUACU","RJ - NOVA FRIBURGO","RJ - NITEROI","RJ - NILOPOLIS","RJ - NATIVIDADE","RJ - MIRACEMA","RJ - MIGUEL PEREIRA","RJ - MESQUITA","RJ - MENDES","RJ - MARICA","RJ - MANGARATIBA","RJ - MAGE","RJ - MACAE","RJ - JAPERI","RJ - ITATIAIA","RJ - ITAPERUNA","RJ - ITAOCARA","RJ - ITAGUAI","RJ - ITALVA","RJ - ITABORAI","RJ - IGUABA GRANDE","RJ - ENGENHEIRO PAULO DE FRONTIN","RJ - GUAPIMIRIM","RJ - DUQUE DE CAXIAS","RJ - CORDEIRO","RJ - CONCEICAO DE MACABU","RJ - CASIMIRO DE ABREU","RJ - CARMO","RJ - CANTAGALO","RJ - CAMPOS DOS GOYTACAZES","RJ - COMENDADOR LEVY GASPARIAN","RJ - CABO FRIO","RJ - CACHOEIRAS DE MACACU","RJ - BOM JESUS DO ITABAPOANA","RJ - BOM JARDIM","RJ - BARRA MANSA","RJ - BELFORD ROXO","RJ - BARRA DO PIRAI","RJ - ARRAIAL DO CABO","RJ - ARMACAO DOS BUZIOS","RJ - ARARUAMA","RJ - ANGRA DOS REIS","PR - WENCESLAU BRAZ","PR - URAI","PR - UNIAO DA VITORIA","PR - UBIRATA","PR - UMUARAMA","PR - TURVO","PR - TIJUCAS DO SUL","PR - TOLEDO","PR - TIBAGI","PR - TERRA ROXA","PR - TERRA RICA","PR - TELEMACO BORBA","PR - TERRA BOA","PR - SIQUEIRA CAMPOS","PR - SERTANOPOLIS","PR - SENGES","PR - SARANDI","PR - SAO PEDRO DO IVAI","PR - SAO MIGUEL DO IGUACU","PR - SAO MATEUS DO SUL","PR - SAO JOSE DOS PINHAIS","PR - SAO JORGE DOESTE","PR - SAO JOAO DO TRIUNFO","PR - SAO JOAO","PR - SANTO INACIO","PR - SANTO ANTONIO DO SUDOESTE","PR - SANTA TEREZINHA DE ITAIPU","PR - SANTO ANTONIO DA PLATINA","PR - SANTA TEREZA DO OESTE","PR - SANTA IZABEL DO OESTE","PR - SANTA HELENA","PR - SANTA FE","PR - ROSARIO DO IVAI","PR - RONCADOR","PR - ROLANDIA","PR - RIO NEGRO","PR - RIO BRANCO DO SUL","PR - RIO BRANCO DO IVAI","PR - RIO BOM","PR - RIBEIRAO CLARO","PR - RESERVA","PR - REALEZA","PR - QUITANDINHA","PR - QUERENCIA DO NORTE","PR - QUEDAS DO IGUACU","PR - QUATRO BARRAS","PR - PRUDENTOPOLIS","PR - PORECATU","PR - PONTAL DO PARANA","PR - PONTA GROSSA","PR - PITANGUEIRAS","PR - PITANGA","PR - PIRAQUARA","PR - PIRAI DO SUL","PR - PINHAO","PR - PINHALAO","PR - PINHAIS","PR - PIEN","PR - PATO BRANCO","PR - PEROLA","PR - PARANAVAI","PR - PARANAGUA","PR - PARANACITY","PR - PARAISO DO NORTE","PR - PALOTINA","PR - PALMITAL","PR - PALMEIRA","PR - PALMAS","PR - PAICANDU","PR - NOVA SANTA ROSA","PR - ORTIGUEIRA","PR - NOVA LONDRINA","PR - NOVA ESPERANCA","PR - MORRETES","PR - NOVA AURORA","PR - MISSAL","PR - MEDIANEIRA","PR - MATINHOS","PR - MATELANDIA","PR - MARINGA","PR - MARILUZ","PR - MARILANDIA DO SUL","PR - MARECHAL CANDIDO RONDON","PR - MARIALVA","PR - MANOEL RIBAS","PR - MANGUEIRINHA","PR - MANDIRITUBA","PR - MANDAGUACU","PR - MANDAGUARI","PR - MAMBORE","PR - MALLET","PR - LONDRINA","PR - LOANDA","PR - LARANJEIRAS DO SUL","PR - LAPA","PR - JAPURA","PR - JARDIM ALEGRE","PR - JANDAIA DO SUL","PR - JAGUARIAIVA","PR - JAGUAPITA","PR - JACAREZINHO","PR - IVATUBA","PR - IVATE","PR - IVAIPORA","PR - ITAPERUCU","PR - ITAIPULANDIA","PR - IRATI","PR - IPIRANGA","PR - IPORA","PR - INAJA","PR - INACIO MARTINS","PR - IMBAU","PR - IMBITUVA","PR - ICARAIMA","PR - IBIPORA","PR - IBAITI","PR - GUARATUBA","PR - GUARAQUECABA","PR - GUARAPUAVA","PR - GUAIRA","PR - GUARANIACU","PR - GOIOERE","PR - FRANCISCO BELTRAO","PR - FOZ DO IGUACU","PR - FORMOSA DO OESTE","PR - FLORESTA","PR - FENIX","PR - FAXINAL","PR - FAZENDA RIO GRANDE","PR - ENGENHEIRO BELTRAO","PR - DOURADINA","PR - CURITIBA","PR - DOIS VIZINHOS","PR - CRUZEIRO DO SUL","PR - CRUZEIRO DO OESTE","PR - CORUMBATAI DO SUL","PR - CORONEL VIVIDA","PR - CORONEL DOMINGOS SOARES","PR - CORNELIO PROCOPIO","PR - CORBELIA","PR - CONGONHINHAS","PR - COLORADO","PR - COLOMBO","PR - CLEVELANDIA","PR - CIANORTE","PR - CIDADE GAUCHA","PR - CHOPINZINHO","PR - CATANDUVAS","PR - CASCAVEL","PR - CASTRO","PR - CARLOPOLIS","PR - CARAMBEI","PR - CAPANEMA","PR - CAPITAO LEONIDAS MARQUES","PR - CANDOI","PR - CAMPO MOURAO","PR - CAMPO MAGRO","PR - CAMPO LARGO","PR - CAMPINA GRANDE DO SUL","PR - CAMPINA DA LAGOA","PR - CAMBE","PR - CAMBARA","PR - CAFELANDIA","PR - BORRAZOPOLIS","PR - BOM SUCESSO","PR - BOCAIUVA DO SUL","PR - BITURUNA","PR - BELA VISTA DO PARAISO","PR - BARRACAO","PR - BARBOSA FERRAZ","PR - ASTORGA","PR - BANDEIRANTES","PR - ASSIS CHATEAUBRIAND","PR - ASSAI","PR - ARAUCARIA","PR - ARARUNA","PR - ARAPOTI","PR - ARAPONGAS","PR - APUCARANA","PR - ANTONINA","PR - ANDIRA","PR - ANAHY","PR - AMPERE","PR - ALTO PARANA","PR - ALTONIA","PR - ALMIRANTE TAMANDARE","PI - URUCUI","PI - VARZEA GRANDE","PI - UNIAO","PI - TERESINA","PI - SAO RAIMUNDO NONATO","PI - SAO JOAO DO PIAUI","PI - PIRIPIRI","PI - PIRACURUCA","PI - PICOS","PI - PEDRO II","PI - PAULISTANA","PI - PARNAIBA","PI - OEIRAS","PI - JOSE DE FREITAS","PI - ITAINOPOLIS","PI - FLORIANO","PI - ESPERANTINA","PI - CORRENTE","PI - CASTELO DO PIAUI","PI - CANTO DO BURITI","PI - CAMPO MAIOR","PI - BOM JESUS","PI - BARRAS","PI - ANGICAL DO PIAUI","PI - ALTOS","PE - VITORIA DE SANTO ANTAO","PI - AGUA BRANCA","PE - TRINDADE","PE - TIMBAUBA","PE - SURUBIM","PE - SERRA TALHADA","PE - SAO LOURENCO DA MATA","PE - SAO JOSE DO EGITO","PE - SAO JOSE DO BELMONTE","PE - SAO JOSE DA COROA GRANDE","PE - SAO BENTO DO UNA","PE - SANTA CRUZ DO CAPIBARIBE","PE - SALGUEIRO","PE - RECIFE","PE - PETROLANDIA","PE - PETROLINA","PE - PESQUEIRA","PE - PAULISTA","PE - PALMARES","PE - OURICURI","PE - OLINDA","PE - NAZARE DA MATA","PE - LIMOEIRO","PE - LAJEDO","PE - ILHA DE ITAMARACA","PE - JABOATAO DOS GUARARAPES","PE - IPOJUCA","PE - INAJA","PE - IGARASSU","PE - GRAVATA","PE - GARANHUNS","PE - GOIANA","PE - EXU","PE - ESCADA","PE - DORMENTES","PE - CUSTODIA","PE - CARUARU","PE - CARPINA","PE - CAMARAGIBE","PE - CABO DE SANTO AGOSTINHO","PE - BONITO","PE - BEZERROS","PE - BELO JARDIM","PE - BELEM DO SAO FRANCISCO","PE - BARREIROS","PE - ARCOVERDE","PE - ARARIPINA","PE - AMARAJI","PE - AGUAS BELAS","PE - AFRANIO","PE - AFOGADOS DA INGAZEIRA","PE - ABREU E LIMA","PB - SUME","PB - SOUSA","PB - SOLANEA","PB - SERTAOZINHO","PB - SAPE","PB - SAO BENTO","PB - SAO JOSE DE PIRANHAS","PB - SANTO ANDRE","PB - SANTA LUZIA","PB - SANTA RITA","PB - RIO TINTO","PB - POMBAL","PB - PAULISTA","PB - PICUI","PB - PATOS","PB - MAMANGUAPE","PB - MONTEIRO","PB - JOAO PESSOA","PB - ITAPORANGA","PB - ITABAIANA","PB - GUARABIRA","PB - ESPERANCA","PB - CUITE","PB - CATOLE DO ROCHA","PB - CAMPINA GRANDE","PB - CAJAZEIRAS","PB - CABEDELO","PB - BELEM","PB - BAYEUX","PB - BANANEIRAS","PA - XINGUARA","PA - VISEU","PA - VIGIA","PA - URUARA","PA - TUCURUI","PA - ULIANOPOLIS","PA - TUCUMA","PA - TOME-ACU","PA - TERRA SANTA","PA - TAILANDIA","PA - SAO SEBASTIAO DA BOA VISTA","PA - SAO MIGUEL DO GUAMA","PA - SAO GERALDO DO ARAGUAIA","PA - SANTO ANTONIO DO TAUA","PA - SAO FELIX DO XINGU","PA - SANTAREM","PA - SANTANA DO ARAGUAIA","PA - SANTA IZABEL DO PARA","PA - SALVATERRA","PA - SALINOPOLIS","PA - RUROPOLIS","PA - RONDON DO PARA","PA - REDENCAO","PA - PRAINHA","PA - PORTO DE MOZ","PA - PONTA DE PEDRAS","PA - PORTEL","PA - PLACAS","PA - PARAUAPEBAS","PA - PARAGOMINAS","PA - PACAJA","PA - OURILANDIA DO NORTE","PA - ORIXIMINA","PA - OEIRAS DO PARA","PA - OBIDOS","PA - NOVO REPARTIMENTO","PA - NOVO PROGRESSO","PA - MUANA","PA - MOJU","PA - MONTE ALEGRE","PA - MOCAJUBA","PA - MARITUBA","PA - MAE DO RIO","PA - MARABA","PA - JURUTI","PA - JACUNDA","PA - ITUPIRANGA","PA - ITAITUBA","PA - IGARAPE-MIRI","PA - IGARAPE-ACU","PA - GURUPA","PA - ELDORADO DO CARAJAS","PA - GOIANESIA DO PARA","PA - DOM ELISEU","PA - CURRALINHO","PA - CONCORDIA DO PARA","PA - CONCEICAO DO ARAGUAIA","PA - CASTANHAL","PA - CAPITAO POCO","PA - CAPANEMA","PA - CANAA DOS CARAJAS","PA - CAMETA","PA - BREVES","PA - BREU BRANCO","PA - BENEVIDES","PA - BRAGANCA","PA - BELTERRA","PA - BELEM","PA - BARCARENA","PA - ANAPU","PA - BAIAO","PA - ANANINDEUA","PA - ANAJAS","PA - ALTAMIRA","PA - ALENQUER","PA - ALMEIRIM","PA - AFUA","PA - ACARA","MT - NOVA MONTE VERDE","PA - ABAETETUBA","MT - VILA RICA","MT - VERA","MT - VARZEA GRANDE","MT - TERRA NOVA DO NORTE","MT - TAPURAH","MT - TANGARA DA SERRA","MT - SORRISO","MT - SINOP","MT - SAPEZAL","MT - SAO FELIX DO ARAGUAIA","MT - RONDONOPOLIS","MT - SAO JOSE DO RIO CLARO","MT - RIBEIRAO CASCALHEIRA","MT - RIO BRANCO","MT - SAO JOSE DOS QUATRO MARCOS","MT - QUERENCIA","MT - PRIMAVERA DO LESTE","MT - PORTO ALEGRE DO NORTE","MT - PONTES E LACERDA","MT - POCONE","MT - PEIXOTO DE AZEVEDO","MT - NOVA XAVANTINA","MT - PARANATINGA","MT - NOVA UBIRATA","MT - NOVA OLIMPIA","MT - NOVA CANAA DO NORTE","MT - NOVA MUTUM","MT - MIRASSOL DOESTE","MT - MATUPA","MT - MARCELANDIA","MT - LUCAS DO RIO VERDE","MT - JURUENA","MT - JUINA","MT - JUARA","MT - ITANHANGA","MT - JACIARA","MT - GUIRATINGA","MT - GUARANTA DO NORTE","MT - DIAMANTINO","MT - GAUCHA DO NORTE","MT - CUIABA","MT - CONFRESA","MT - COLNIZA","MT - COMODORO","MT - COLIDER","MT - CANARANA","MT - CHAPADA DOS GUIMARAES","MT - CAMPO VERDE","MT - CAMPO NOVO DO PARECIS","MT - CACERES","MT - BRASNORTE","MT - BARRA DO GARCAS","MT - BARRA DO BUGRES","MT - ARIPUANA","MT - ARAPUTANGA","MT - ALTO TAQUARI","MT - ALTO GARCAS","MT - ALTA FLORESTA","MT - ALTO ARAGUAIA","MT - AGUA BOA","MS - TRES LAGOAS","MS - TERENOS","MS - SIDROLANDIA","MS - SETE QUEDAS","MS - SAO GABRIEL DO OESTE","MS - RIO VERDE DE MATO GROSSO","MS - RIO BRILHANTE","MS - RIBAS DO RIO PARDO","MS - PONTA PORA","MS - PARANAIBA","MS - NOVA ANDRADINA","MS - NOVA ALVORADA DO SUL","MS - NIOAQUE","MS - NAVIRAI","MS - MUNDO NOVO","MS - MIRANDA","MS - MARACAJU","MS - JARDIM","MS - IVINHEMA","MS - ITAQUIRAI","MS - ITAPORA","MS - INOCENCIA","MS - IGUATEMI","MS - FATIMA DO SUL","MS - GLORIA DE DOURADOS","MS - ELDORADO","MS - DOURADOS","MS - COXIM","MS - DEODAPOLIS","MS - COSTA RICA","MS - CORUMBA","MS - CORGUINHO","MS - CORONEL SAPUCAIA","MS - CHAPADAO DO SUL","MS - CASSILANDIA","MS - CARACOL","MS - CAMAPUA","MS - CAMPO GRANDE","MS - CAARAPO","MS - BONITO","MS - BELA VISTA","MS - BATAGUASSU","MS - AQUIDAUANA","MS - ARAL MOREIRA","MS - APARECIDA DO TABOADO","MS - ANTONIO JOAO","MS - AMAMBAI","MG - VISCONDE DO RIO BRANCO","MG - VIRGINOPOLIS","MG - VIRGEM DA LAPA","MG - MATHIAS LOBATO","MG - VICOSA","MG - VAZANTE","MG - VESPASIANO","MG - VARZEA DA PALMA","MG - VARGINHA","MG - VARGEM ALEGRE","MG - UNAI","MG - UBERLANDIA","MG - UBERABA","MG - UBA","MG - TURMALINA","MG - TRES PONTAS","MG - TRES MARIAS","MG - TRES CORACOES","MG - TOLEDO","MG - TEOFILO OTONI","MG - TIMOTEO","MG - TAIOBEIRAS","MG - SETE LAGOAS","MG - SERRO","MG - SERRA DO SALITRE","MG - SARZEDO","MG - SETUBINHA","MG - SARDOA","MG - SAO SEBASTIAO DO PARAISO","MG - SAO LOURENCO","MG - SAO ROQUE DE MINAS","MG - SAO JOAQUIM DE BICAS","MG - SAO JOAO NEPOMUCENO","MG - SAO JOAO EVANGELISTA","MG - SAO JOAO DO PARAISO","MG - SAO JOAO DEL REI","MG - SAO GOTARDO","MG - SAO GONCALO DO SAPUCAI","MG - SAO FRANCISCO","MG - SAO DOMINGOS DO PRATA","MG - SANTOS DUMONT","MG - SANTO ANTONIO DO MONTE","MG - SANTA RITA DO SAPUCAI","MG - SANTA RITA DE MINAS","MG - SANTANA DO PARAISO","MG - SANTA MARGARIDA","MG - SANTA LUZIA","MG - SANTA JULIANA","MG - SANTA BARBARA","MG - SALINAS","MG - SACRAMENTO","MG - SABARA","MG - ROSARIO DA LIMEIRA","MG - RIO POMBA","MG - RIO PIRACICABA","MG - RIO PARANAIBA","MG - RIO CASCA","MG - RIBEIRAO DAS NEVES","MG - RESPLENDOR","MG - RAUL SOARES","MG - REDUTO","MG - PRATA","MG - POUSO ALEGRE","MG - PORTEIRINHA","MG - PONTE NOVA","MG - POMPEU","MG - POCOS DE CALDAS","MG - PIUMHI","MG - PITANGUI","MG - PIRAPORA","MG - PIRANGA","MG - PIRAPETINGA","MG - PERIQUITO","MG - PERDOES","MG - PERDIZES","MG - PEDRO LEOPOLDO","MG - PATROCINIO","MG - PATOS DE MINAS","MG - PASSOS","MG - PASSA QUATRO","MG - PARAOPEBA","MG - PARAISOPOLIS","MG - PARAGUACU","MG - PARA DE MINAS","MG - PARACATU","MG - PADRE PARAISO","MG - OURO PRETO","MG - OURO BRANCO","MG - OURO FINO","MG - OLIVEIRA","MG - NOVO ORIENTE DE MINAS","MG - NOVO CRUZEIRO","MG - NOVA SERRANA","MG - NOVA PORTEIRINHA","MG - NOVA LIMA","MG - NOVA ERA","MG - NEPOMUCENO","MG - NAQUE","MG - NANUQUE","MG - MUZAMBINHO","MG - MUTUM","MG - MURIAE","MG - MONTES CLAROS","MG - MONTE CARMELO","MG - MONTE ALEGRE DE MINAS","MG - MONSENHOR PAULO","MG - MIRADOURO","MG - MIRAI","MG - MIRABELA","MG - MINAS NOVAS","MG - MEDINA","MG - MERCES","MG - MATOZINHOS","MG - MATO VERDE","MG - MATIPO","MG - MATEUS LEME","MG - MARIANA","MG - MANTENA","MG - MANGA","MG - MANHUACU","MG - MACHADO","MG - MACHACALIS","MG - LIMA DUARTE","MG - LUZ","MG - LEOPOLDINA","MG - LAVRAS","MG - LAMBARI","MG - LAJINHA","MG - LAGOA SANTA","MG - LAGOA GRANDE","MG - LAGOA DA PRATA","MG - JUIZ DE FORA","MG - JUATUBA","MG - JOAO PINHEIRO","MG - JOAO MONLEVADE","MG - JEQUITINHONHA","MG - JAPONVAR","MG - JANUARIA","MG - JANAUBA","MG - JAIBA","MG - JACUTINGA","MG - ITURAMA","MG - ITINGA","MG - ITUIUTABA","MG - ITAUNA","MG - ITAU DE MINAS","MG - ITATIAIUCU","MG - ITAPEVA","MG - ITAPECERICA","MG - ITAPAGIPE","MG - ITAOBIM","MG - ITAMONTE","MG - ITANHANDU","MG - ITAMBACURI","MG - ITAMARANDIBA","MG - ITAJUBA","MG - ITAGUARA","MG - ITACARAMBI","MG - ITABIRA","MG - ITABIRITO","MG - IPATINGA","MG - IPANEMA","MG - IGARAPE","MG - IBIRITE","MG - IBIA","MG - GUIMARANIA","MG - GUAXUPE","MG - GUANHAES","MG - GOVERNADOR VALADARES","MG - FRONTEIRA DOS VALES","MG - FRUTAL","MG - FREI GASPAR","MG - FRANCISCO SA","MG - FORMIGA","MG - FLORESTAL","MG - FELIXLANDIA","MG - EXTREMA","MG - ESPINOSA","MG - ESPERA FELIZ","MG - ESMERALDAS","MG - ENTRE RIOS DE MINAS","MG - ERVALIA","MG - ELOI MENDES","MG - DORES DO INDAIA","MG - DIVINOPOLIS","MG - DIVISA ALEGRE","MG - DIVINO","MG - DIAMANTINA","MG - DELTA","MG - CURVELO","MG - CRUZILIA","MG - CORONEL FABRICIANO","MG - CRISOLITA","MG - COROMANDEL","MG - COROACI","MG - CONTAGEM","MG - CORACAO DE JESUS","MG - CONSELHEIRO PENA","MG - CONSELHEIRO LAFAIETE","MG - CONGONHAS","MG - CONFINS","MG - CONCEICAO DO MATO DENTRO","MG - CONCEICAO DO RIO VERDE","MG - CONCEICAO DAS ALAGOAS","MG - CHAPADA GAUCHA","MG - CLAUDIO","MG - CAXAMBU","MG - CATAGUASES","MG - CARMOPOLIS DE MINAS","MG - CASSIA","MG - CARMO DO RIO CLARO","MG - CARMO DO PARANAIBA","MG - CARMO DO CAJURU","MG - CARMO DE MINAS","MG - CARLOS CHAGAS","MG - CARATINGA","MG - CARBONITA","MG - CARANGOLA","MG - CARANDAI","MG - CAPITOLIO","MG - CAPELINHA","MG - CAMPOS GERAIS","MG - CAMPO BELO","MG - CAMPOS ALTOS","MG - CAMPINA VERDE","MG - CAMPESTRE","MG - CAMBUI","MG - CAMPANHA","MG - CAMANDUCAIA","MG - CAETE","MG - CALDAS","MG - BURITIS","MG - BRUMADINHO","MG - BRASILIA DE MINAS","MG - BRASILANDIA DE MINAS","MG - BOM DESPACHO","MG - BONFIM","MG - BOCAIUVA","MG - BOA ESPERANCA","MG - BETIM","MG - BELO ORIENTE","MG - BARBACENA","MG - BELO HORIZONTE","MG - BARAO DE COCAIS","MG - ARINOS","MG - BAMBUI","MG - AREADO","MG - ARCOS","MG - ARAXA","MG - ARAGUARI","MG - ARACUAI","MG - ANTONIO DIAS","MG - ANDRADAS","MG - ALVARENGA","MG - ALPINOPOLIS","MG - ALMENARA","MG - ALFENAS","MG - ALEM PARAIBA","MG - AGUAS FORMOSAS","MG - AIMORES","MG - AGUA BOA","MG - ACUCENA","MG - ABAETE","MG - ABADIA DOS DOURADOS","MA - ZE DOCA","MA - VIANA","MA - URBANO SANTOS","MA - TUTOIA","MA - TUNTUM","MA - TIMON","MA - TIMBIRAS","MA - SAO RAIMUNDO DAS MANGABEIRAS","MA - SAO LUIS","MA - SAO JOSE DE RIBAMAR","MA - SANTO AMARO DO MARANHAO","MA - SAO JOAO DOS PATOS","MA - SANTA RITA","MA - SANTA LUZIA","MA - SANTA INES","MA - RAPOSA","MA - PRESIDENTE DUTRA","MA - PORTO FRANCO","MA - PIO XII","MA - PINHEIRO","MA - PENALVA","MA - PEDREIRAS","MA - PACO DO LUMIAR","MA - MONCAO","MA - LAGO DA PEDRA","MA - ITAPECURU MIRIM","MA - IMPERATRIZ","MA - GRAJAU","MA - ESTREITO","MA - DOM PEDRO","MA - CURURUPU","MA - COROATA","MA - COELHO NETO","MA - COLINAS","MA - CODO","MA - CHAPADINHA","MA - CAXIAS","MA - CARUTAPERA","MA - BURITICUPU","MA - BARREIRINHAS","MA - BARRA DO CORDA","MA - BALSAS","MA - BACABAL","MA - ARARI","MA - ACAILANDIA","GO - VIANOPOLIS","GO - VALPARAISO DE GOIAS","GO - URUACU","GO - TRINDADE","GO - SILVANIA","GO - SENADOR CANEDO","GO - SAO SIMAO","GO - SAO MIGUEL DO ARAGUAIA","GO - SAO LUIS DE MONTES BELOS","GO - SAO JOAO DALIANCA","GO - SANTO ANTONIO DO DESCOBERTO","GO - SANTA TEREZINHA DE GOIAS","GO - SANTA ISABEL","GO - RUBIATABA","GO - SANTA HELENA DE GOIAS","GO - RIO VERDE","GO - POSSE","GO - QUIRINOPOLIS","GO - PORANGATU","GO - PONTALINA","GO - PIRES DO RIO","GO - PLANALTINA","GO - PIRACANJUBA","GO - PALMEIRAS DE GOIAS","GO - NOVO GAMA","GO - NOVA CRIXAS","GO - NIQUELANDIA","GO - NEROPOLIS","GO - MOZARLANDIA","GO - MORRINHOS","GO - MINEIROS","GO - MINACU","GO - LUZIANIA","GO - JATAI","GO - JUSSARA","GO - JARAGUA","GO - ITUMBIARA","GO - ITAPURANGA","GO - ITAPACI","GO - ITABERAI","GO - IPORA","GO - IPAMERI","GO - GOIATUBA","GO - INHUMAS","GO - GOIAS","GO - GOIANIA","GO - GOIANESIA","GO - FORMOSA","GO - EDEIA","GO - CRISTALINA","GO - CIDADE OCIDENTAL","GO - CHAPADAO DO CEU","GO - CERES","GO - CATALAO","GO - CAMPOS BELOS","GO - CAMPINORTE","GO - CALDAS NOVAS","GO - CAIAPONIA","GO - BELA VISTA DE GOIAS","GO - APARECIDA DE GOIANIA","GO - ANICUNS","GO - ANAPOLIS","GO - ALEXANIA","GO - AGUAS LINDAS DE GOIAS","GO - ACREUNA","ES - VITORIA","ES - VILA VELHA","ES - VENDA NOVA DO IMIGRANTE","ES - VIANA","ES - SERRA","ES - SAO MATEUS","ES - SAO GABRIEL DA PALHA","ES - SANTA TERESA","ES - SANTA MARIA DE JETIBA","ES - PIUMA","ES - RIO BANANAL","ES - PINHEIROS","ES - NOVA VENECIA","ES - MUNIZ FREIRE","ES - MUQUI","ES - MONTANHA","ES - MIMOSO DO SUL","ES - MARECHAL FLORIANO","ES - MARATAIZES","ES - LINHARES","ES - JAGUARE","ES - IUNA","ES - ICONHA","ES - ITAPEMIRIM","ES - IBATIBA","ES - GUARAPARI","ES - GUACUI","ES - FUNDAO","ES - ECOPORANGA","ES - DOMINGOS MARTINS","ES - CONCEICAO DO CASTELO","ES - CONCEICAO DA BARRA","ES - COLATINA","ES - CASTELO","ES - CARIACICA","ES - CACHOEIRO DE ITAPEMIRIM","ES - BREJETUBA","ES - BARRA DE SAO FRANCISCO","ES - ARACRUZ","ES - ANCHIETA","ES - ALEGRE","ES - AFONSO CLAUDIO","DF - BRASILIA","CE - VARZEA ALEGRE","CE - UBAJARA","CE - TRAIRI","CE - TIANGUA","CE - TAUA","CE - TABULEIRO DO NORTE","CE - SOLONOPOLE","CE - SOBRAL","CE - SENADOR POMPEU","CE - SAO GONCALO DO AMARANTE","CE - SAO BENEDITO","CE - SANTA QUITERIA","CE - RUSSAS","CE - REDENCAO","CE - QUIXERE","CE - QUIXERAMOBIM","CE - QUIXADA","CE - PENTECOSTE","CE - PARAIPABA","CE - PARACURU","CE - PALMACIA","CE - PACATUBA","CE - PACAJUS","CE - NOVA RUSSAS","CE - MORRINHOS","CE - MORADA NOVA","CE - MOMBACA","CE - MILHA","CE - MAURITI","CE - MARANGUAPE","CE - MARACANAU","CE - LAVRAS DA MANGABEIRA","CE - LIMOEIRO DO NORTE","CE - JUAZEIRO DO NORTE","CE - JAGUARUANA","CE - JAGUARIBE","CE - ITAREMA","CE - ITAPIPOCA","CE - ITAPAJE","CE - IPUEIRAS","CE - ITAITINGA","CE - IPU","CE - IGUATU","CE - HORIZONTE","CE - ICO","CE - GUARACIABA DO NORTE","CE - FORTALEZA","CE - EUSEBIO","CE - CROATA","CE - CRATO","CE - CRATEUS","CE - COREAU","CE - CAUCAIA","CE - CASCAVEL","CE - CANINDE","CE - CAMPOS SALES","CE - CAMOCIM","CE - BOA VIAGEM","CE - BREJO SANTO","CE - BELA CRUZ","CE - BEBERIBE","CE - BATURITE","CE - BARROQUINHA","CE - BARBALHA","CE - AURORA","CE - ARACATI","CE - ASSARE","CE - AQUIRAZ","CE - AMONTADA","CE - ACOPIARA","CE - ACARAU","BA - VITORIA DA CONQUISTA","BA - XIQUE-XIQUE","BA - VERA CRUZ","BA - VALENTE","BA - VALENCA","BA - UTINGA","BA - UBAITABA","BA - UAUA","BA - TUCANO","BA - TEIXEIRA DE FREITAS","BA - SIMOES FILHO","BA - SERRINHA","BA - SENHOR DO BONFIM","BA - SEABRA","BA - SAO SEBASTIAO DO PASSE","BA - SAO FRANCISCO DO CONDE","BA - SAO GONCALO DOS CAMPOS","BA - SAO FELIPE","BA - SAO FELIX DO CORIBE","BA - SANTO ESTEVAO","BA - SANTO ANTONIO DE JESUS","BA - SANTO AMARO","BA - SANTA RITA DE CASSIA","BA - SANTANA","BA - SANTA MARIA DA VITORIA","BA - SANTALUZ","BA - SALVADOR","BA - RIO REAL","BA - RUY BARBOSA","BA - RIO DE CONTAS","BA - RIBEIRA DO POMBAL","BA - REMANSO","BA - RIACHAO DO JACUIPE","BA - PRESIDENTE TANCREDO NEVES","BA - PRESIDENTE JANIO QUADROS","BA - POJUCA","BA - PORTO SEGURO","BA - POCOES","BA - PIATA","BA - PARIPIRANGA","BA - PAULO AFONSO","BA - PARAMIRIM","BA - PALMAS DE MONTE ALTO","BA - OLIVEIRA DOS BREJINHOS","BA - MUCURI","BA - MORRO DO CHAPEU","BA - MONTE SANTO","BA - MEDEIROS NETO","BA - MIGUEL CALMON","BA - MATA DE SAO JOAO","BA - MARACAS","BA - MADRE DE DEUS","BA - LUIS EDUARDO MAGALHAES","BA - MACAUBAS","BA - LIVRAMENTO DE NOSSA SENHORA","BA - LAURO DE FREITAS","BA - JUAZEIRO","BA - JEREMOABO","BA - JEQUIE","BA - JAGUAQUARA","BA - JACOBINA","BA - ITUBERA","BA - ITIUBA","BA - ITAPETINGA","BA - ITAMARAJU","BA - ITAJUIPE","BA - ITABUNA","BA - ITABERABA","BA - ITABELA","BA - IRECE","BA - IPIRA","BA - IRAQUARA","BA - IPIAU","BA - ILHEUS","BA - IGUAI","BA - IBICOARA","BA - IBOTIRAMA","BA - GUANAMBI","BA - GANDU","BA - FORMOSA DO RIO PRETO","BA - FEIRA DE SANTANA","BA - EUNAPOLIS","BA - FATIMA","BA - EUCLIDES DA CUNHA","BA - ESPLANADA","BA - ENTRE RIOS","BA - CRUZ DAS ALMAS","BA - DIAS DAVILA","BA - CORRENTINA","BA - CORONEL JOAO SA","BA - CONCEICAO DO JACUIPE","BA - CONCEICAO DO COITE","BA - CONCEICAO DA FEIRA","BA - COCOS","BA - CASA NOVA","BA - CATU","BA - CAPIM GROSSO","BA - CANSANCAO","BA - CAMPO FORMOSO","BA - CANDEIAS","BA - CAMAMU","BA - CAMACARI","BA - CAMACAN","BA - CAETITE","BA - CAEM","BA - CACULE","BA - CACHOEIRA","BA - BRUMADO","BA - BURITIRAMA","BA - BOQUIRA","BA - BOM JESUS DA LAPA","BA - BARREIRAS","BA - BARRA","BA - BARRA DA ESTIVA","BA - ARACI","BA - AMELIA RODRIGUES","BA - AMARGOSA","BA - ALAGOINHAS","BA - ABAIRA","AP - SANTANA","AP - PORTO GRANDE","AP - OIAPOQUE","AP - MACAPA","AP - LARANJAL DO JARI","AM - TEFE","AM - TABATINGA","AM - SAO GABRIEL DA CACHOEIRA","AM - RIO PRETO DA EVA","AM - PRESIDENTE FIGUEIREDO","AM - PARINTINS","AM - NOVO AIRAO","AM - NOVA OLINDA DO NORTE","AM - MAUES","AM - MANICORE","AM - MANAUS","AM - MANACAPURU","AM - ITACOATIARA","AM - IRANDUBA","AM - HUMAITA","AM - CODAJAS","AM - COARI","AM - CAREIRO","AM - CARAUARI","AM - CAAPIRANGA","AM - BORBA","AM - BOCA DO ACRE","AM - BOA VISTA DO RAMOS","AM - BENJAMIN CONSTANT","AL - UNIAO DOS PALMARES","AL - TEOTONIO VILELA","AL - SAO SEBASTIAO","AL - SAO MIGUEL DOS CAMPOS","AL - SANTANA DO IPANEMA","AL - RIO LARGO","AL - PENEDO","AL - PAO DE ACUCAR","AL - PALMEIRA DOS INDIOS","AL - MURICI","AL - OLHO DAGUA DAS FLORES","AL - MARECHAL DEODORO","AL - MARAVILHA","AL - MARAGOGI","AL - MACEIO","AL - DELMIRO GOUVEIA","AL - GIRAU DO PONCIANO","AL - CORURIPE","AL - CAMPO GRANDE","AL - CAMPO ALEGRE","AL - BELEM","AL - ARAPIRACA","AC - XAPURI","AC - TARAUACA","AC - SENA MADUREIRA","AC - SENADOR GUIOMARD","AC - RIO BRANCO","AC - MANCIO LIMA","AC - PLACIDO DE CASTRO","AC - FEIJO","AC - CRUZEIRO DO SUL","AC - BRASILEIA","AC - ACRELANDIA"]