["AC - RIO BRANCO","TO - PALMAS","TO - PORTO NACIONAL","TO - GURUPI","TO - ARAGUAINA","SP - VOTUPORANGA","SP - SOROCABA","SP - TAUBATE","SP - SAO PAULO","SP - SAO JOSE DOS CAMPOS","SP - SAO JOAO DA BOA VISTA","SP - SAO JOSE DO RIO PRETO","SP - SAO CARLOS","SP - SAO CAETANO DO SUL","SP - SAO BERNARDO DO CAMPO","SP - SANTOS","SP - SANTO ANDRE","SP - RIO CLARO","SP - SANTA FE DO SUL","SP - RIBEIRAO PRETO","SP - PRESIDENTE PRUDENTE","SP - PENAPOLIS","SP - PIRACICABA","SP - OSASCO","SP - MOGI GUACU","SP - MOGI DAS CRUZES","SP - MAUA","SP - JUNDIAI","SP - MARILIA","SP - JAU","SP - INDAIATUBA","SP - JAGUARIUNA","SP - GUARULHOS","SP - GUARUJA","SP - FERNANDOPOLIS","SP - FRANCA","SP - DRACENA","SP - CATANDUVA","SP - CUBATAO","SP - CAMPINAS","SP - BRAGANCA PAULISTA","SP - BOTUCATU","SP - BAURU","SP - ARARAS","SP - BARRETOS","SP - ARARAQUARA","SP - ARACATUBA","SE - LAGARTO","SP - ADAMANTINA","SE - ESTANCIA","SE - ARACAJU","SC - RIO DO SUL","SC - TUBARAO","SC - PALHOCA","SC - MAFRA","SC - LAGES","SC - JOINVILLE","SC - JOACABA","SC - JARAGUA DO SUL","SC - ITAJAI","SC - FLORIANOPOLIS","SC - CRICIUMA","SC - CHAPECO","SC - CACADOR","SC - BRUSQUE","SC - BLUMENAU","SC - ARARANGUA","RS - URUGUAIANA","RS - SAO LEOPOLDO","RS - SANTA MARIA","RS - SANTA CRUZ DO SUL","RS - PORTO ALEGRE","RS - RIO GRANDE","RS - PELOTAS","RS - PASSO FUNDO","RS - NOVO HAMBURGO","RS - LAJEADO","RS - IJUI","RS - ERECHIM","RS - CAXIAS DO SUL","RS - CANOAS","RO - VILHENA","RR - BOA VISTA","RO - PORTO VELHO","RO - CACOAL","RN - NATAL","RN - MOSSORO","RN - CAICO","RJ - VOLTA REDONDA","RJ - VASSOURAS","RJ - VALENCA","RJ - TRES RIOS","RJ - RIO DE JANEIRO","RJ - TERESOPOLIS","RJ - PETROPOLIS","RJ - NOVA IGUACU","RJ - MACAE","RJ - NITEROI","RJ - ITAPERUNA","RJ - CAMPOS DOS GOYTACAZES","RJ - DUQUE DE CAXIAS","RJ - BOM JESUS DO ITABAPOANA","RJ - ANGRA DOS REIS","PR - UMUARAMA","PR - TOLEDO","PR - PONTA GROSSA","PR - MARINGA","PR - PATO BRANCO","PR - LONDRINA","PR - GUARAPUAVA","PR - FOZ DO IGUACU","PR - FRANCISCO BELTRAO","PR - CURITIBA","PR - CASCAVEL","PR - CAMPO MOURAO","PI - TERESINA","PI - PICOS","PI - PARNAIBA","PE - SERRA TALHADA","PE - RECIFE","PE - PETROLINA","PE - OLINDA","PE - JABOATAO DOS GUARARAPES","PE - GARANHUNS","PE - ARCOVERDE","PE - CARUARU","PB - PATOS","PB - JOAO PESSOA","PB - CAMPINA GRANDE","PB - CAJAZEIRAS","PA - SANTAREM","PA - REDENCAO","PA - MARABA","PA - BELEM","PA - ALTAMIRA","MT - VARZEA GRANDE","MT - SINOP","MT - RONDONOPOLIS","MT - CUIABA","MS - TRES LAGOAS","MT - CACERES","MS - DOURADOS","MS - CORUMBA","MS - CAMPO GRANDE","MG - VICOSA","MG - VESPASIANO","MG - UBERLANDIA","MG - UBERABA","MG - UBA","MG - TEOFILO OTONI","MG - SETE LAGOAS","MG - SAO JOAO DEL REI","MG - POUSO ALEGRE","MG - PONTE NOVA","MG - POCOS DE CALDAS","MG - PATOS DE MINAS","MG - PASSOS","MG - PARACATU","MG - OURO PRETO","MG - MURIAE","MG - MONTES CLAROS","MG - MANHUACU","MG - MATIPO","MG - LAVRAS","MG - ITAUNA","MG - JUIZ DE FORA","MG - ITAJUBA","MG - GOVERNADOR VALADARES","MG - IPATINGA","MG - DIVINOPOLIS","MG - CONTAGEM","MG - DIAMANTINA","MG - BETIM","MG - BARBACENA","MG - BELO HORIZONTE","MG - ARAGUARI","MA - SAO LUIS","MG - ALFENAS","MA - SANTA INES","MA - PINHEIRO","MA - IMPERATRIZ","MA - CAXIAS","GO - TRINDADE","GO - RIO VERDE","GO - MINEIROS","GO - JATAI","GO - ITUMBIARA","GO - GOIATUBA","GO - GOIANIA","GO - GOIANESIA","GO - FORMOSA","GO - CATALAO","GO - APARECIDA DE GOIANIA","GO - ANAPOLIS","ES - VILA VELHA","ES - VITORIA","ES - COLATINA","DF - BRASILIA","ES - CACHOEIRO DE ITAPEMIRIM","CE - SOBRAL","CE - JUAZEIRO DO NORTE","CE - FORTALEZA","CE - CANINDE","BA - VITORIA DA CONQUISTA","CE - BARBALHA","BA - TEIXEIRA DE FREITAS","BA - SANTO ANTONIO DE JESUS","BA - SALVADOR","BA - PAULO AFONSO","BA - JUAZEIRO","BA - LAURO DE FREITAS","BA - JEQUIE","BA - ITABUNA","BA - JACOBINA","BA - IRECE","BA - GUANAMBI","BA - ILHEUS","BA - FEIRA DE SANTANA","BA - EUNAPOLIS","BA - BARREIRAS","BA - ALAGOINHAS","AP - MACAPA","AM - MANAUS","AL - MACEIO","AL - ARAPIRACA"]