["GO - IPORA","PB - SAO JOAO DO CARIRI","GO - BRAZABRANTES","GO - GOIAS","SP - TABOAO DA SERRA","TO - XAMBIOA","TO - WANDERLANDIA","TO - TOCANTINOPOLIS","TO - TALISMA","TO - TAGUATINGA","TO - SANTA FE DO ARAGUAIA","TO - PORTO NACIONAL","TO - PIUM","TO - PEIXE","TO - PEDRO AFONSO","TO - PARAISO DO TOCANTINS","TO - PALMEIROPOLIS","TO - PALMAS","TO - NOVO ALEGRE","TO - MIRANORTE","TO - MIRACEMA DO TOCANTINS","TO - LAJEADO","TO - LUZINOPOLIS","TO - GURUPI","TO - GUARAI","TO - DIANOPOLIS","TO - FORMOSO DO ARAGUAIA","TO - CRISTALANDIA","TO - COLINAS DO TOCANTINS","TO - COLMEIA","TO - CARIRI DO TOCANTINS","TO - BARROLANDIA","TO - BERNARDO SAYAO","TO - BABACULANDIA","TO - ARRAIAS","TO - AUGUSTINOPOLIS","TO - ARAPOEMA","TO - ARAGUATINS","TO - ARAGUACU","TO - ARAGUAINA","TO - ANANAS","SE - SAO CRISTOVAO","SE - NOSSA SENHORA DA GLORIA","SE - NOSSA SENHORA DO SOCORRO","SE - ESTANCIA","SE - AREIA BRANCA","SE - ARACAJU","SP - VALPARAISO","SP - VOTORANTIM","SP - TUPI PAULISTA","SP - TAUBATE","SP - TREMEMBE","SP - TAQUARITUBA","SP - TAQUARITINGA","SP - TANABI","SP - TAIUVA","SP - SUMARE","SP - SERTAOZINHO","SP - SOROCABA","SP - SERRA AZUL","SP - SAO VICENTE","SP - SAO PAULO","SP - SAO JOSE DOS CAMPOS","SP - SAO JOSE DO RIO PRETO","SP - SAO CARLOS","SP - SAO BERNARDO DO CAMPO","SP - SANTOS","SP - SANTO ANDRE","SP - RIOLANDIA","SP - RIO CLARO","SP - RIBEIRAO PRETO","SP - REGINOPOLIS","SP - PRESIDENTE VENCESLAU","SP - PRESIDENTE PRUDENTE","SP - PRESIDENTE BERNARDES","SP - PRAIA GRANDE","SP - PRACINHA","SP - POTIM","SP - PORTO FELIZ","SP - PONTAL","SP - PIRAJUI","SP - PIRACICABA","SP - PERUIBE","SP - PARAGUACU PAULISTA","SP - PACAEMBU","SP - OURINHOS","SP - OSVALDO CRUZ","SP - OSASCO","SP - MOJI MIRIM","SP - MONGAGUA","SP - MOGI GUACU","SP - MOCOCA","SP - MIRANDOPOLIS","SP - MIRASSOL","SP - MAUA","SP - MARTINOPOLIS","SP - MARILIA","SP - MARABA PAULISTA","SP - MAIRINQUE","SP - LUCELIA","SP - LORENA","SP - LINS","SP - LIMEIRA","SP - LAVINIA","SP - JUNQUEIROPOLIS","SP - JUNDIAI","SP - JAU","SP - JARDINOPOLIS","SP - JACAREi","SP - ITIRAPINA","SP - ITATINGA","SP - ITAPETININGA","SP - ITAQUAQUECETUBA","SP - ITAPECERICA DA SERRA","SP - ITANHAEM","SP - ITAI","SP - IRAPURU","SP - IPERO","SP - ICEM","SP - IARAS","SP - HORTOLANDIA","SP - GUARULHOS","SP - GUARUJA","SP - GUARIBA","SP - GUAREI","SP - GETULINA","SP - FRANCO DA ROCHA","SP - FRANCA","SP - FLORINIA","SP - FLORIDA PAULISTA","SP - FERRAZ DE VASCONCELOS","SP - DRACENA","SP - DIADEMA","SP - CERQUEIRA CESAR","SP - CASA BRANCA","SP - CARAGUATATUBA","SP - CAPELA DO ALTO","SP - CAMPINAS","SP - BRAGANCA PAULISTA","SP - BOTUCATU","SP - BIRIGUI","SP - BAURU","SP - BERNARDINO DE CAMPOS","SP - BATATAIS","SP - AVARE","SP - BALBINOS","SP - AVANHANDAVA","SP - ATIBAIA","SP - ARUJA","SP - ASSIS","SP - ARARAQUARA","SP - ARACATUBA","SP - ANDRADINA","SP - AMERICANA","SP - ALVARO DE CARVALHO","SC - XANXERE","SC - VIDEIRA","SC - TUBARAO","SC - TIJUCAS","SC - SAO PEDRO DE ALCANTARA","SC - SAO MIGUEL DO OESTE","SC - SAO JOSE DO CEDRO","SC - SAO JOSE","SC - SAO CRISTOVAO DO SUL","SC - RIO DO SUL","SC - PORTO UNIAO","SC - PALHOCA","SC - MARAVILHA","SC - LAGUNA","SC - MAFRA","SC - LAGES","SC - JOINVILLE","SC - JOACABA","SC - JARAGUA DO SUL","SC - ITAPEMA","SC - INDAIAL","SC - ITAJAI","SC - IMBITUBA","SC - FRANCISCO DO SUL","SC - FLORIANOPOLIS","SC - CURITIBANOS","SC - CRICIUMA","SC - CONCORDIA","SC - CHAPECO","SC - CANOINHAS","SC - CAMPOS NOVOS","SC - CACADOR","SC - BRUSQUE","SC - BLUMENAU","SC - BARRA VELHA","SC - BIGUACU","SC - ARARANGUA","RR - SAO LUIZ","RR - BOA VISTA","RO - VILHENA","RO - SAO MIGUEL DO GUAPORE","RO - SAO FRANCISCO DO GUAPORE","RO - ROLIM DE MOURA","RO - PRESIDENTE MEDICI","RO - PORTO VELHO","RO - PIMENTA BUENO","RO - MACHADINHO D OESTE","RO - JI-PARANA","RO - JARU","RO - GUAJARA-MIRIM","RO - COSTA MARQUES","RO - COLORADO DO OESTE","RO - CACOAL","RO - ARIQUEMES","RO - ALVORADA D OESTE","RO - ALTA FLORESTA D OESTE","RS - VENANCIO AIRES","RS - VACARIA","RS - URUGUAIANA","RS - TRES PASSOS","RS - TORRES","RS - TAQUARA","RS - SOLEDADE","RS - SARANDI","RS - SAO SEPE","RS - SAO SAPE","RS - SAO LUIZ GONZAGA","RS - SAO JERONIMO","RS - SAO LEOPOLDO","RS - SAO GABRIEL","RS - SAO FRANCISCO DE PAULA","RS - SAO FRANCISCO DE ASSIS","RS - SAO BORJA","RS - SAO  LEOPOLDO","RS - SANTO CRISTO","RS - SANTO ANGELO","RS - SANTIAGO","RS - SANTA VITORIA DO PALMAR","RS - SANTA MARIA","RS - SANTA ROSA","RS - SANTA CRUZ DO SUL","RS - SANT ANA DO LIVRAMENTO","RS - ROSARIO DO SUL","RS - RIO PARDO","RS - RIO GRANDE","RS - QUARAI","RS - PRATA","RS - PORTO ALEGRE","RS - PASSO FUNDO","RS - PELOTAS","RS - PALMEIRA DAS MISSOES","RS - OSORIO","RS - NOVO HAMBURGO","RS - NOVA PRATA","RS - MONTENEGRO","RS - LAJEADO","RS - LAGOA VERMELHA","RS - JULIO DE CASTILHOS","RS - JULIO DE CASTILHO","RS - ITAQUI","RS - JAGUARI","RS - IJUI","RS - GUAPORE","RS - GUAIBA","RS - GRAVATAI","RS - GETULIO VARGAS","RS - FREDERICO WESTPHALEN","RS - ESPUMOSO","RS - ERECHIM","RS - DOM PEDRITO","RS - CHARQUEADAS","RS - CRUZ ALTA","RS - CAXIAS DO SUL","RS - CARAZINHO","RS - CANOAS","RS - CANGUCU","RS - CANELA","RS - CAMAQUA","RS - CACHOEIRA DO SUL","RS - CACEQUI","RS - CACAPAVA DO SUL","RS - BENTO GONCALVES","RS - BAGE","RS - ARROIO DOS RATOS","RS - ARROIO DO MEIO","RS - ARRIO DOS RATOS","RS - ALEGRETE","RS - AGUDO","RN - PAU DOS FERROS","RN - PARNAMIRIM","RN - NISIA FLORESTA","RN - NATAL","RN - MOSSORO","RN - CEARA-MIRIM","RN - CARAUBAS","RN - CAICO","RJ - VOLTA REDONDA","RN - APODI","RJ - TERESOPOLIS","RJ - SAO GONCALO","RJ - PORTO REAL","RJ - RIO DE JANEIRO","RJ - NOVA IGUACU","RJ - NOVA FRIBURGO","RJ - NITEROI","RJ - MAGE","RJ - NILOPOLIS","RJ - MACAE","RJ - JAPERI","RJ - ITAPERUNA","RJ - DUQUE DE CAXIAS","RJ - CAMPOS DOS GOYTACAZES","RJ - CABO FRIO","RJ - BELFORD ROXO","RJ - BARRA MANSA","PI - TERESINA","PI - SAO RAIMUNDO NONATO","PI - PARNAIBA","PI - PICOS","PI - OEIRAS","PI - FLORIANO","PI - ESPERANTINA","PI - CAMPO MAIOR","PI - BOM JESUS","PI - ALTOS","PE - VITORIA DE SANTO ANTAO","PE - TIMBAUBA","PE - SANTA CRUZ DO CAPIBARIBE","PE - PETROLINA","PE - RECIFE","PE - PESQUEIRA","PE - PALMARES","PE - JABOATAO DOS GUARARAPES","PE - LIMOEIRO","PE - ILHA DE ITAMARACA","PE - IGARASSU","PE - GARANHUNS","PE - CARUARU","PE - CABO DE SANTO AGOSTINHO","PE - CANHOTINHO","PE - BUIQUE","PE - ARCOVERDE","PE - ABREU E LIMA","PR - WENCESLAU BRAZ","PR - UMUARAMA","PR - UMARAMA","PR - TOLEDO","PR - SAO JOSE DOS PINHAIS","PR - SANTO ANTONIO DA PLATINA","PR - PONTA GROSSA","PR - PINHAIS","PR - PIRAQUARA","PR - PATO BRANCO","PR - PARANAVAI","PR - MARINGA","PR - LONDRINA","PR - LARANJEIRAS DO SUL","PR - LAPA","PR - GUARAPUAVA","PR - FOZ DO IGUACU","PR - FRANCISCO BELTRAO","PR - FAZENDA RIO GRANDE","PR - CURITIBA","PR - CRUZEIRO DO OESTE","PR - CATANDUVAS","PR - CASTRO","PR - CASCAVEL","PR - CAMPO MOURAO","PR - BARRACAO","PR - ARAUCARIA","PB - UMBUZEIRO","PB - TEIXEIRA","PB - SOUSA","PB - SOLEDADE","PB - SOLANEA","PB - SERRA BRANCA","PB - SAPE","PB - SAO JOSE DE PIRANHAS","PB - SAO JOAO DO RIO DO PEIXE","PB - SANTA LUZIA","PB - SANTA RITA","PB - QUEIMADAS","PB - PRINCESA ISABEL","PB - POMBAL","PB - PILAR","PB - POCINHOS","PB - PIANCO","PB - PIACO","PB - PEDRAS DE FOGO","PB - PEDRA DE FOGO","PB - PATOS","PB - MONTEIRO","PB - MAMANGUAPE","PB - LAGOA SECA","PB - JUAZEIRINHO","PB - JOAO PESSOA","PB - JACARAU","PB - ITAPORANGA","PB - ITABAIANA","PB - INGA","PB - GUARABIRA","PB - ESPERANCA","PB - CUITE","PB - CRUZ DO ESPIRITO SANTO","PB - COREMAS","PB - CONCEICAO","PB - CATOLE DO ROCHA","PB - CAMPINA GRANDE","PB - BONITO DE SANTA FE","PB - CAJAZEIRAS","PB - BELEM","PB - AROIRAS","PB - BAYEUX","PB - AROEIRAS","PB - AREIA","PB - ARARUNA","PB - ALHANDRA","PB - ALAGOINHA","PB - ALAGOA NOVA","PA - TUCURUI","PA - TOME-ACU","PA - SANTAREM","PA - SANTA ISABEL DO PARA","PA - SALINOPOLIS","PA - REDENCAO","PA - PARAUAPEBAS","PA - PARAGOMINAS","PA - MOCAJUBA","PA - MARABA","PA - MARITUBA","PA - ITAITUBA","PA - CASTANHAL","PA - CAPANEMA","PA - CAMETA","PA - BREVES","PA - BRAGANCA","PA - BENEVIDES","PA - BELEM","PA - ANANINDEUA","PA - ALTAMIRA","PA - ABAETETUBA","MG - VISCONDE DO RIO BRANCO","MG - VICOSA","MG - VESPASIANO","MG - VARGINHA","MG - UNAI","MG - UBERLANDIA","MG - UBERABA","MG - UBA","MG - TUPACIGUARA","MG - TRES PONTAS","MG - TRES MARIAS","MG - TRES CORACOES","MG - TIMOTEO","MG - TEOFILO OTONI","MG - SETE LAGOAS","MG - SAO LOURENCO","MG - SAO JOAQUIM DE BICAS","MG - SAO JOAO DEL REI","MG - SAO DOMINGOS DO PRATA","MG - SAO FRANCISCO","MG - SANTOS DUMONT","MG - SANTA RITA DO SAPUCAI","MG - SANTA MARIA DO SUACUI","MG - SANTA BARBARA","MG - SALINAS","MG - SACRAMENTO","MG - RIO PIRACICABA","MG - RIBEIRAO DAS NEVES","MG - PRESIDENTE OLEGARIO","MG - PRATA","MG - POUSO ALEGRE","MG - POMPEU","MG - PONTE NOVA","MG - PIUMHI","MG - PITANGUI","MG - PIRAPORA","MG - PERDOES","MG - PEDRO LEOPOLDO","MG - PEDRA AZUL","MG - PATROCINIO","MG - PATOS DE MINAS","MG - PASSOS","MG - PARAOPEBA","MG - PARACATU","MG - PARA DE MINAS","MG - OURO PRETO","MG - OURO FINO","MG - OLIVEIRA","MG - NOVO CRUZEIRO","MG - NOVA LIMA","MG - NANUQUE","MG - NOVA ERA","MG - MURIAE","MG - MONTES CLAROS","MG - MONTE CARMELO","MG - MATOZINHOS","MG - MARIANA","MG - MANTENA","MG - MANHUMIRIM","MG - MANHUACU","MG - MANGA","MG - LEOPOLDINA","MG - LAVRAS","MG - LAGOA DA PRATA","MG - LAGOA SANTA","MG - JUIZ DE FORA","MG - JUATUBA","MG - JOAQUIM DE BICAS","MG - JOAO PINHEIRO","MG - JEQUITINHONHA","MG - JOAO MONLEVADE","MG - JANUARIA","MG - JABOTICATUBAS","MG - JABOTICABAS","MG - ITURAMA","MG - ITUIUTABA","MG - ITAUNA","MG - ITAJUBA","MG - ITAOBIM","MG - ITABIRA","MG - IPATINGA","MG - IPABA","MG - INHAPIM","MG - GUARANESIA","MG - GUANHAES","MG - GOVERNADOR VALADARES","MG - FRUTAL","MG - FORMIGA","MG - FRANCISCO SA","MG - EXTREMA","MG - EUGENOPOLIS","MG - ERVALIA","MG - DIVINOPOLIS","MG - CURVELO","MG - DIAMANTINA","MG - CORONEL FABRICIANO","MG - COROMANDEL","MG - CONTAGEM","MG - CONSELHEIRO PENA","MG - CONSELHEIRO LAFAIETE","MG - CONGONHAS","MG - CONCEICAO DAS ALAGOAS","MG - CATAGUASES","MG - CAXAMBU","MG - CARMO DO PARANAIBA","MG - CARLOS CHAGAS","MG - CARATINGA","MG - CARANGOLA","MG - CANAPOLIS","MG - CAMPOS GERAIS","MG - CAMPO BELO","MG - BRUMADINHO","MG - CAETE","MG - BOCAIUVA","MG - BOA ESPERANCA","MG - BETIM","MG - BELO HORIZONTE","MG - BARBACENA","MG - BAEPENDI","MG - BARAO DE COCAIS","MG - ARCOS","MG - ARAXA","MG - ARAGUARI","MG - ARACUAI","MG - ANDRADAS","MG - ALMENARA","MG - ALFENAS","MG - ABRE CAMPO","MG - ABAETE","MS - TRES LAGOAS","MS - SAO GABRIEL DO OESTE","MS - PONTA PORA","MS - RIO BRILHANTE","MS - PARANAIBA","MS - NOVA ANDRADINA","MS - NAVIRAI","MS - JATEI","MS - DOURADOS","MS - JARDIM","MS - COXIM","MS - DOIS IRMAOS DO BURITI","MS - CORUMBA","MS - CASSILANDIA","MS - CAMPO GRANDE","MS - BATAGUASSU","MS - AQUIDAUANA","MS - AMAMBAI","MT - VILA BELA DA SANTISSIMA TRINDADE","MT - VARZEA GRANDE","MT - TANGARA DA SERRA","MT - SINOP","MT - SORRISO","MT - SAO JOSE DOS QUATRO MARCOS","MT - SAO JOSe DO RIO CLARO","MT - SAO FELIX DO ARAGUAIA","MT - RONDONOPOLIS","MT - RIO BRANCO","MT - PRIMAVERA DO LESTE","MT - PORTO DOS GAUCHOS","MT - PONTES E LACERDA","MT - NORTELANDIA","MT - NOVA XAVANTINA","MT - NOBRES","MT - JUINA","MT - LUCAS DO RIO VERDE","MT - JUARA","MT - JOSE DO RIO CLARO","MT - JACIARA","MT - ITIQUIRA","MT - DIAMANTINO","MT - CUIABA","MT - CHAPADA DOS GUIMARAES","MT - CANARANA","MT - CAMPO NOVO DO PARECIS","MT - CACERES","MT - BARRA DO GARCAS","MT - ARENAPOLIS","MT - BARRA DO BUGRES","MT - ARAPUTANGA","MT - ALTO ARAGUAIA","MT - ALTO GARCAS","MT - ALTA FLORESTA","MT - AGUA BOA","MA - ZE DOCA","MA - VIANA","MA - TIMON","MA - SAO LUIS","MA - SANTA INES","MA - ROSARIO","MA - PRESIDENTE DUTRA","MA - PORTO FRANCO","MA - PINHEIRO","MA - PEDREIRAS","MA - PACO DO LUMIAR","MA - ITAPECURU MIRIM","MA - IMPERATRIZ","MA - GOVERNADOR NUNES FREIRE","MA - GRAJAU","MA - DAVINOPOLIS","MA - COROATA","MA - COLINAS","MA - CODO","MA - CHAPADINHA","MA - BARAO DE GRAJAU","MA - CAXIAS","MA - BALSAS","MA - BACABAL","GO - URUACU","MA - ACAILANDIA","GO - SILVANIA","GO - SAO LUIS DE MONTES BELOS","GO - SANTO ANTONIO DO DESCOBERTO","GO - RUBIATABA","GO - PORANGATU","GO - ORIZONA","GO - NOVO GAMA","GO - MINACU","GO - LUZIANIA","GO - ITUMBIARA","GO - ITAUCU","GO - HIDROLANDIA","GO - ITABERAI","GO - GOIANIA","GO - GOIANESIA","GO - FORMOSA","GO - BELA VISTA DE GOIAS","GO - CAMPOS BELOS","GO - BARRO ALTO","GO - ARAGARCAS","GO - APARECIDA DE GOIANIA","GO - ANAPOLIS","GO - ALEXANIA","GO - AGUAS LINDAS DE GOIAS","GO - ABADIANIA","ES - VITORIA","ES - VILA VELHA","ES - VIANA","ES - SERRA","ES - SAO MATEUS","ES - SAO DOMINGOS DO NORTE","ES - MARATAIZES","ES - LINHARES","ES - GUARAPARI","ES - COLATINA","ES - CARIACICA","ES - CACHOEIRO DE ITAPEMIRIM","ES - BARRA DE SAO FRANCISCO","ES - ARACRUZ","DF - BRASILIA","CE - VICOSA DO CEARA","CE - VARZEA ALEGRE","CE - URUBURETAMA","CE - UMIRIM","CE - TIAGUA","CE - UBAJARA","CE - TABULEIRO DO NORTE","CE - SAO LUIS DO CURU","CE - SOBRAL","CE - SANTA QUITERIA","CE - RUSSAS","CE - QUIXERE","CE - QUIXADA","CE - PINDORETAMA","CE - PALMACIA","CE - PACATUBA","CE - PACOTI","CE - OCARA","CE - MORADA NOVA","CE - MOMBACA","CE - MAURITI","CE - MASSAPE","CE - MARANGUAPE","CE - MARACANAU","CE - LIMOEIRO DO NORTE","CE - JUCAS","CE - JUAZEIRO DO NORTE","CE - JATI","CE - JAGUARUANA","CE - JAGUARIBE","CE - ITAREMA","CE - ITAPIUNA","CE - ITAPIPOCA","CE - ITAPAJE","CE - ITAITINGA","CE - IPU","CE - IGUATU","CE - ICO","CE - IBIAPINA","CE - GUARACIABA DO NORTE","CE - FORTIM","CE - FORTALEZA","CE - CROATA","CE - CRATO","CE - CRATEUS","CE - CEDRO","CE - CAUCAIA","CE - CASCAVEL","CE - CARIDADE","CE - CAPISTRANO","CE - CANINDE","CE - BREJO SANTO","CE - BOA VIAGEM","CE - BELA CRUZ","CE - BATURITE","CE - BARBALHA","CE - ARATUBA","CE - ARACOIABA","CE - ARACATI","CE - AQUIRAZ","CE - AMONTADA","CE - ALTO SANTO","CE - ACOPIARA","CE - ACARAU","BA - VITORIA DA CONQUISTA","BA - VALENCA","BA - TEIXEIRA DE FREITAS","BA - SIMOES FILHO","BA - SERRINHA","BA - SALVADOR","BA - LAURO DE FREITAS","BA - JUAZEIRO","BA - JEQUIE","BA - ITABUNA","BA - ILHEUS","BA - FEIRA DE SANTANA","BA - EUNAPOLIS","BA - CAMACARI ","AM - TEFE","BA - BARREIRAS","AM - TABATINGA","AM - PARINTINS","AM - MAUES","AM - MANAUS","AM - ITACOATIARA","AM - HUMAITA","AM - COARI","AP - MACAPA","AL - RIO LARGO","AL - MACEIO","AL - GIRAU DO PONCIANO","AC - TARAUACA","AC - SENADOR GUIOMARD","AC - SENA MADUREIRA","AC - RIO BRANCO","AC - FEIJO","AC - CRUZEIRO DO SUL"]