["TO - SANTA FE DO ARAGUAIA","TO - PORTO NACIONAL","TO - GUARAI","TO - MIRACEMA DO TOCANTINS","TO - GURUPI","TO - TOCANTINOPOLIS","TO - ANANAS","TO - TAGUATINGA","TO - MIRANORTE","TO - COLMEIA","TO - DIANOPOLIS","TO - PALMEIROPOLIS","TO - ARRAIAS","TO - FORMOSO DO ARAGUAIA","TO - COLINAS DO TOCANTINS","TO - ARAGUAINA","TO - PARAISO DO TOCANTINS","TO - PALMAS","TO - CARIRI DO TOCANTINS","TO - NATIVIDADE","TO - AUGUSTINOPOLIS","TO - ARAGUATINS","SP - ASSIS","SP - SUZANO","SP - BRAGANCA PAULISTA","SP - PONTAL","SP - PARAGUACU PAULISTA","SP - OSVALDO CRUZ","SP - MARTINOPOLIS","SP - PRACINHA","SP - ITATINGA","SP - BIRIGUI","SP - SAO CARLOS","SP - JUNDIAI","SP - AVANHANDAVA","SP - ITAI","SP - ICEM","SP - PAULO DE FARIA","SP - SANTO ANDRE","SP - BERNARDINO DE CAMPOS","SP - SAO JOSE DOS CAMPOS","SP - JARDINOPOLIS","SP - JAU","SP - LINS","SP - ARARAQUARA","SP - MARABA PAULISTA","SP - HORTOLANDIA","SP - SANTOS","SP - GUARUJA","SP - RIO CLARO","SP - AMERICANA","SP - MAIRINQUE","SP - REGISTRO","SP - RIOLANDIA","SP - ATIBAIA","SP - JACAREI","SP - GUARULHOS","SP - VALPARAISO","SP - SAO CAETANO DO SUL","SP - MONGAGUA","SP - DIADEMA","SP - ITAPETININGA","SP - FLORINIA","SP - SUMARE","SP - PERUIBE","SP - ITAQUAQUECETUBA","SP - PRAIA GRANDE","SP - IPERO","SP - CASA BRANCA","SP - LORENA","SP - MOGI DAS CRUZES","SP - BALBINOS","SP - TAIUVA","SP - PRESIDENTE BERNARDES","SP - GUARIBA","SP - FLORIDA PAULISTA","SP - MOGI MIRIM","SP - LUCELIA","SP - ALVARO DE CARVALHO","SP - TAUBATE","SP - IRAPURU","SP - MOCOCA","SP - CARAGUATATUBA","SP - SAO JOSE DO RIO PRETO","SP - CAMPINAS","SP - VOTORANTIM","SP - CAIUA","SP - JUNQUEIROPOLIS","SP - TUPI PAULISTA","SP - PRESIDENTE PRUDENTE","SP - ITIRAPINA","SP - TAQUARITUBA","SP - DRACENA","SP - MARILIA","SP - AGUAI","SP - SERTAOZINHO","SP - FRANCA","SP - PIRAJUI","SP - GUARATINGUETA","SP - PORTO FELIZ","SP - OSASCO","SP - CERQUEIRA CESAR","SP - OURINHOS","SP - RIBEIRAO PRETO","SP - CAPELA DO ALTO","SP - GUAREI","SP - LAVINIA","SP - ARACATUBA","SP - AVARE","SP - MOGI GUACU","SP - POTIM","SP - PACAEMBU","SP - BAURU","SP - LIMEIRA","SP - SERRA AZUL","SP - SAO VICENTE","SP - REGINOPOLIS","SP - GETULINA","SP - NOVA INDEPENDENCIA","SP - MAUA","SP - SOROCABA","SP - SAO BERNARDO DO CAMPO","SP - TREMEMBE","SP - CARAPICUIBA","SP - GALIA","SP - MIRANDOPOLIS","SP - ANDRADINA","SP - BOTUCATU","SP - PIRACICABA","SP - IARAS","SP - SAO PAULO","SP - ITAPECERICA DA SERRA","SP - FRANCO DA ROCHA","SP - PRESIDENTE VENCESLAU","SE - SAO CRISTOVAO","SE - NOSSA SENHORA DA GLORIA","SE - ESTANCIA","SE - TOBIAS BARRETO","SE - ARACAJU","SE - AREIA BRANCA","SE - NOSSA SENHORA DO SOCORRO","SC - BARRA VELHA","SC - RIO DO SUL","SC - VIDEIRA","SC - INDAIAL","SC - ARARANGUA","SC - JOACABA","SC - ITAPEMA","SC - SAO MIGUEL DO OESTE","SC - MARAVILHA","SC - XANXERE","SC - SAO PEDRO DE ALCANTARA","SC - BRUSQUE","SC - BIGUACU","SC - ITUPORANGA","SC - JARAGUA DO SUL","SC - PORTO UNIAO","SC - SAO CRISTOVAO DO SUL","SC - SAO JOSE","SC - CACADOR","SC - LAGUNA","SC - IMBITUBA","SC - PALHOCA","SC - CRICIUMA","SC - MAFRA","SC - CURITIBANOS","SC - TIJUCAS","SC - CHAPECO","SC - TUBARAO","SC - SAO BENTO DO SUL","SC - LAGES","SC - BLUMENAU","SC - SAO JOSE DO CEDRO","SC - ITAJAI","SC - FLORIANOPOLIS","SC - JOINVILLE","SC - CONCORDIA","SC - SAO FRANCISCO DO SUL","SC - CAMPOS NOVOS","SC - CANOINHAS","RS - JAGUARI","RS - CANGUCU","RS - JAGUARAO","RS - QUARAI","RS - ESPUMOSO","RS - CACHOEIRA DO SUL","RS - RIO GRANDE","RS - SAO LUIZ GONZAGA","RS - SANTA ROSA","RS - ARROIO DO MEIO","RS - GUAIBA","RS - SAO SEPE","RS - ENCANTADO","RS - CERRO LARGO","RS - LAVRAS DO SUL","RS - FREDERICO WESTPHALEN","RS - LAGOA VERMELHA","RS - GRAVATAI","RS - SAO JERONIMO","RS - SARANDI","RS - LAJEADO","RS - ROSARIO DO SUL","RS - ITAQUI","RS - CAMAQUA","RS - ENCRUZILHADA DO SUL","RS - PALMEIRA DAS MISSOES","RS - IRAI","RS - ALVORADA","RS - SAO FRANCISCO DE PAULA","RS - VIAMAO","RS - DOM PEDRITO","RS - VENANCIO AIRES","RS - BAGE","RS - CACEQUI","RS - JULIO DE CASTILHOS","RS - SANTO ANGELO","RS - SAO LEOPOLDO","RS - CACHOEIRINHA","RS - VACARIA","RS - TRES PASSOS","RS - CACAPAVA DO SUL","RS - BENTO GONCALVES","RS - TORRES","RS - RIO PARDO","RS - SANTA VITORIA DO PALMAR","RS - SANTIAGO","RS - CRUZ ALTA","RS - NOVA PRATA","RS - CANELA","RS - ARROIO DOS RATOS","RS - FARROUPILHA","RS - PELOTAS","RS - SAO GABRIEL","RS - OSORIO","RS - CANDELARIA","RS - SAO FRANCISCO DE ASSIS","RS - CHARQUEADAS","RS - SAO BORJA","RS - CAXIAS DO SUL","RS - SANTO CRISTO","RS - ALEGRETE","RS - CARAZINHO","RS - SANTA MARIA","RS - SANTA CRUZ DO SUL","RS - PASSO FUNDO","RS - GUAPORE","RS - AGUDO","RS - SOLEDADE","RS - SOBRADINHO","RS - CANOAS","RS - GETULIO VARGAS","RS - SAO VICENTE DO SUL","RS - NOVO HAMBURGO","RS - MONTENEGRO","RS - SANT ANA DO LIVRAMENTO","RS - URUGUAIANA","RS - IJUI","RS - ERECHIM","RS - PORTO ALEGRE","RR - RORAINOPOLIS","RR - BOA VISTA","RO - MACHADINHO D OESTE","RO - CACOAL","RO - ALVORADA D OESTE","RO - CEREJEIRAS","RO - SAO FRANCISCO DO GUAPORE","RO - COLORADO DO OESTE","RO - PIMENTA BUENO","RO - SAO MIGUEL DO GUAPORE","RO - COSTA MARQUES","RO - VILHENA","RO - PRESIDENTE MEDICI","RO - JARU","RO - OURO PRETO DO OESTE","RO - ALTA FLORESTA D OESTE","RO - ARIQUEMES","RO - ROLIM DE MOURA","RO - GUAJARA-MIRIM","RO - JI-PARANA","RO - PORTO VELHO","RO - BURITIS","RN - MACAU","RN - NOVA CRUZ","RN - APODI","RN - CEARA-MIRIM","RN - MACAIBA","RN - PAU DOS FERROS","RN - NISIA FLORESTA","RN - NATAL","RN - MOSSORO","RN - CAICO","RN - PARNAMIRIM","RN - CARAUBAS","RJ - ARARUAMA","RJ - TRES RIOS","RJ - PETROPOLIS","RJ - NILOPOLIS","RJ - TERESOPOLIS","RJ - ITAPERUNA","RJ - MACAE","RJ - DUQUE DE CAXIAS","RJ - VOLTA REDONDA","RJ - NOVA FRIBURGO","RJ - RESENDE","RJ - BELFORD ROXO","RJ - CAMPOS DOS GOYTACAZES","RJ - NOVA IGUACU","RJ - JAPERI","RJ - MAGE","RJ - NITEROI","RJ - RIO DE JANEIRO","RJ - SAO GONCALO","PR - JANDAIA DO SUL","PR - LOANDA","PR - ARAUCARIA","PR - IBAITI","PR - CRUZEIRO DO OESTE","PR - NOVA LONDRINA","PR - SENGES","PR - ARAPONGAS","PR - CAMBE","PR - BANDEIRANTES","PR - PITANGA","PR - ARAPOTI","PR - PALMAS","PR - ROLANDIA","PR - GOIOERE","PR - CIANORTE","PR - WENCESLAU BRAZ","PR - CORNELIO PROCOPIO","PR - COLORADO","PR - CARLOPOLIS","PR - CAPANEMA","PR - ALTO PARANA","PR - PALOTINA","PR - SARANDI","PR - CASTRO","PR - CIDADE GAUCHA","PR - PATO BRANCO","PR - LAPA","PR - IBIPORA","PR - ASTORGA","PR - APUCARANA","PR - FAXINAL","PR - JAGUARIAIVA","PR - CAMBARA","PR - ENGENHEIRO BELTRAO","PR - SAO JORGE DO PATROCINIO","PR - QUEDAS DO IGUACU","PR - GUAIRA","PR - CORBELIA","PR - MANDAGUACU","PR - FRANCISCO BELTRAO","PR - PINHAIS","PR - SANTO ANTONIO DA PLATINA","PR - LARANJEIRAS DO SUL","PR - UNIAO DA VITORIA","PR - MEDIANEIRA","PR - MARIALVA","PR - PARANAVAI","PR - IVAIPORA","PR - ORTIGUEIRA","PR - PORECATU","PR - CATANDUVAS","PR - PARANACITY","PR - SAO JOSE DOS PINHAIS","PR - ASSAI","PR - TELEMACO BORBA","PR - CASCAVEL","PR - FAZENDA RIO GRANDE","PR - UMUARAMA","PR - DOIS VIZINHOS","PR - LONDRINA","PR - BARRACAO","PR - MANDAGUARI","PR - IPORA","PR - SANTO ANTONIO DO SUDOESTE","PR - PIRAQUARA","PR - CAMPO LARGO","PR - PONTA GROSSA","PR - NOVA ESPERANCA","PR - CAMPO MOURAO","PR - JACAREZINHO","PR - TOLEDO","PR - GUARAPUAVA","PR - MARINGA","PR - MARECHAL CANDIDO RONDON","PR - FOZ DO IGUACU","PR - CURITIBA","PI - PICOS","PI - FLORIANO","PI - BURITI DOS LOPES","PI - OEIRAS","PI - ESPERANTINA","PI - PARNAIBA","PI - ALTOS","PI - TERESINA","PI - CAMPO MAIOR","PI - SAO RAIMUNDO NONATO","PI - BOM JESUS","PE - VITORIA DE SANTO ANTAO","PE - ARCOVERDE","PE - LAGOA DO CARRO","PE - CABO DE SANTO AGOSTINHO","PE - NAZARE DA MATA","PE - IGARASSU","PE - VICENCIA","PE - SANTA CRUZ DO CAPIBARIBE","PE - GOIANA","PE - TACAIMBO","PE - SALOA","PE - BOM CONSELHO","PE - LAJEDO","PE - ITAQUITINGA","PE - GARANHUNS","PE - SALGUEIRO","PE - ILHA DE ITAMARACA","PE - BUIQUE","PE - LIMOEIRO","PE - CANHOTINHO","PE - TIMBAUBA","PE - VERDEJANTE","PE - ABREU E LIMA","PE - PESQUEIRA","PE - SERRA TALHADA","PE - RECIFE","PE - PETROLINA","PE - PALMARES","PE - CARUARU","PE - MACAPARANA","PE - JABOATAO DOS GUARARAPES","PE - CARPINA","PB - SOLANEA","PB - QUEIMADAS","PB - PRINCESA ISABEL","PB - CUBATI","PB - SAO JOSE DE PIRANHAS","PB - ITAPORANGA","PB - COREMAS","PB - SOLEDADE","PB - ALAGOA GRANDE","PB - ALAGOA NOVA","PB - CUITE","PB - ALAGOINHA","PB - SANTA LUZIA","PB - CONCEICAO","PB - PATOS","PB - POMBAL","PB - REMIGIO","PB - ESPERANCA","PB - TEIXEIRA","PB - PIANCO","PB - JACARAU","PB - ALHANDRA","PB - TAPEROA","PB - CATOLE DO ROCHA","PB - SOUSA","PB - PEDRAS DE FOGO","PB - LAGOA SECA","PB - MONTEIRO","PB - AREIA","PB - MAMANGUAPE","PB - BAYEUX","PB - SANTA RITA","PB - ARARUNA","PB - CAJAZEIRAS","PB - INGA","PB - PILAR","PB - UIRAUNA","PB - BANANEIRAS","PB - SERRA BRANCA","PB - JUAZEIRINHO","PB - GUARABIRA","PB - SAO JOAO DO RIO DO PEIXE","PB - UMBUZEIRO","PB - CAMPINA GRANDE","PB - BELEM","PB - MALTA","PB - SAPE","PB - JOAO PESSOA","PA - SALINOPOLIS","PB - ITABAIANA","PA - REDENCAO","PA - PARAGOMINAS","PA - MOCAJUBA","PA - TUCURUI","PA - SAO FELIX DO XINGU","PA - ALTAMIRA","PA - ITAITUBA","PA - MARITUBA","PA - ABAETETUBA","PA - MARABA","PA - BREVES","PA - BRAGANCA","PA - CASTANHAL","PA - CAMETA","PA - VITORIA DO XINGU","PA - PARAUAPEBAS","PA - BENEVIDES","PA - SANTA IZABEL DO PARA","PA - BELEM","PA - CAPANEMA","PA - TOME-ACU","PA - ANANINDEUA","PA - SANTAREM","MT - ALTO ARAGUAIA","MT - SAO FELIX DO ARAGUAIA","MT - SANTA TEREZINHA","MT - COMODORO","MT - VILA RICA","MT - SANTO ANTONIO DO LEVERGER","MT - NOBRES","MT - MIRASSOL D OESTE","MT - SORRISO","MT - AGUA BOA","MT - CHAPADA DOS GUIMARAES","MT - ARENAPOLIS","MT - PORTO ALEGRE DO NORTE","MT - ALTA FLORESTA","MT - ARAPUTANGA","MT - PEIXOTO DE AZEVEDO","MT - BARRA DO BUGRES","MT - PRIMAVERA DO LESTE","MT - JACIARA","MT - DIAMANTINO","MT - BARRA DO GARCAS","MT - JUARA","MT - CACERES","MT - CAMPO NOVO DO PARECIS","MT - LUCAS DO RIO VERDE","MT - VARZEA GRANDE","MT - PONTES E LACERDA","MT - PARANATINGA","MT - PORTO DOS GAUCHOS","MT - SINOP","MT - NORTELANDIA","MT - JUINA","MT - COLNIZA","MT - CUIABA","MT - COLIDER","MT - RONDONOPOLIS","MS - COXIM","MS - IVINHEMA","MS - JATEI","MS - DOURADOS","MS - RIO BRILHANTE","MS - AMAMBAI","MS - DOIS IRMAOS DO BURITI","MS - JARDIM","MS - BATAGUASSU","MS - SAO GABRIEL DO OESTE","MS - NOVA ANDRADINA","MS - PONTA PORA","MS - NAVIRAI","MS - CAMPO GRANDE","MS - CORUMBA","MS - CASSILANDIA","MS - CAARAPO","MS - TRES LAGOAS","MS - AQUIDAUANA","MS - PARANAIBA","MG - CARLOS CHAGAS","MG - ITAJUBA","MG - SANTOS DUMONT","MG - GUARANESIA","MG - VICOSA","MG - NOVO CRUZEIRO","MG - CANAPOLIS","MG - ABAETE","MG - CORONEL FABRICIANO","MG - SANTA LUZIA","MG - SANTA MARIA DO SUACUI","MG - DIAMANTINA","MG - CONGONHAS","MG - BICAS","MG - PORTEIRINHA","MG - PECANHA","MG - BOA ESPERANCA","MG - BOCAIUVA","MG - JANAUBA","MG - CORINTO","MG - ITAUNA","MG - TRES PONTAS","MG - IPABA","MG - VISCONDE DO RIO BRANCO","MG - CARATINGA","MG - ITAMARANDIBA","MG - JABOTICATUBAS","MG - TARUMIRIM","MG - MANTENA","MG - MANGA","MG - BURITIS","MG - CURVELO","MG - TURMALINA","MG - PATOS DE MINAS","MG - CONSELHEIRO LAFAIETE","MG - MONTE SANTO DE MINAS","MG - MONTE CARMELO","MG - ALFENAS","MG - SANTA VITORIA","MG - JEQUITINHONHA","MG - ABRE CAMPO","MG - PARA DE MINAS","MG - BETIM","MG - ARAXA","MG - ARAGUARI","MG - LAVRAS","MG - MANHUACU","MG - SAO SEBASTIAO DO PARAISO","MG - TUPACIGUARA","MG - GUANHAES","MG - IBIRITE","MG - ANDRADAS","MG - OLIVEIRA","MG - DIVINOPOLIS","MG - ARCOS","MG - SANTA BARBARA","MG - PONTE NOVA","MG - BARBACENA","MG - FRANCISCO SA","MG - PIUMHI","MG - LAGOA DA PRATA","MG - MURIAE","MG - CARMO DO PARANAIBA","MG - POCOS DE CALDAS","MG - LEOPOLDINA","MG - IPATINGA","MG - UBA","MG - NOVA ERA","MG - CATAGUASES","MG - SAO LOURENCO","MG - COROMANDEL","MG - EUGENOPOLIS","MG - GOVERNADOR VALADARES","MG - TRES MARIAS","MG - FRUTAL","MG - SERRO","MG - JUIZ DE FORA","MG - SAO JOAQUIM DE BICAS","MG - RESENDE COSTA","MG - CONTAGEM","MG - FORMIGA","MG - PERDOES","MG - BELO HORIZONTE","MG - POUSO ALEGRE","MG - OURO PRETO","MG - UBERLANDIA","MG - CAPELINHA","MG - CAETE","MG - SAO FRANCISCO","MG - INHAPIM","MG - LAGOA SANTA","MG - PASSOS","MG - PATROCINIO","MG - VESPASIANO","MG - CONCEICAO DAS ALAGOAS","MG - TAIOBEIRAS","MG - ITURAMA","MG - RIO PIRACICABA","MG - ITUIUTABA","MG - SAO JOAO DEL REI","MG - PRATA","MG - ITABIRA","MG - ERVALIA","MG - VARGINHA","MG - JANUARIA","MG - SANTA RITA DO SAPUCAI","MG - NEPOMUCENO","MG - ITABIRITO","MG - SETE LAGOAS","MG - RIO POMBA","MG - JOAO PINHEIRO","MG - ALMENARA","MG - MALACACHETA","MG - PRESIDENTE OLEGARIO","MG - SALINAS","MG - SACRAMENTO","MG - TEOFILO OTONI","MG - BARAO DE COCAIS","MG - PARACATU","MG - MONTES CLAROS","MG - TRES CORACOES","MG - CAMPO BELO","MG - CONSELHEIRO PENA","MG - PEDRA AZUL","MG - JACINTO","MG - ITAOBIM","MG - MARIANA","MG - MANHUMIRIM","MG - UBERABA","MG - ALEM PARAIBA","MG - VARZEA DA PALMA","MG - UNAI","MG - JOAO MONLEVADE","MG - NOVA LIMA","MG - TIMOTEO","MG - PIRAPORA","MG - RIBEIRAO DAS NEVES","MA - CODO","MA - PINHEIRO","MA - GODOFREDO VIANA","MA - BREJO","MA - CAROLINA","MA - ITAPECURU MIRIM","MA - SAO JOAO DOS PATOS","MA - SANTA INES","MA - PACO DO LUMIAR","MA - GRAJAU","MA - GOVERNADOR NUNES FREIRE","MA - BARRA DO CORDA","MA - DAVINOPOLIS","MA - COROATA","MA - PORTO FRANCO","MA - ROSARIO","MA - IMPERATRIZ","MA - CHAPADINHA","MA - BACABAL","MA - CAXIAS","MA - ZE DOCA","MA - SAO LUIS","MA - VIANA","MA - ACAILANDIA","MA - TIMON","MA - BALSAS","MA - PEDREIRAS","MA - COLINAS","MA - PRESIDENTE DUTRA","GO - IPAMERI","GO - IPORA","GO - RUBIATABA","GO - ORIZONA","GO - NOVO GAMA","GO - CAIAPONIA","GO - GOIAS","GO - EDEIA","GO - URUANA","GO - POSSE","GO - VALPARAISO DE GOIAS","GO - CIDADE OCIDENTAL","GO - ALTO PARAISO DE GOIAS","GO - CERES","GO - QUIRINOPOLIS","GO - JATAI","GO - CATALAO","GO - PLANALTINA","GO - ACREUNA","GO - SANTA HELENA DE GOIAS","GO - SIMOLANDIA","GO - PIRES DO RIO","GO - JARAGUA","GO - ALEXANIA","GO - MINACU","GO - ITAUCU","GO - INHUMAS","GO - URUACU","GO - BARRO ALTO","GO - PONTALINA","GO - ARAGARCAS","GO - SANTO ANTONIO DO DESCOBERTO","GO - PALMEIRAS DE GOIAS","GO - NIQUELANDIA","GO - ITABERAI","GO - SAO MIGUEL DO ARAGUAIA","GO - APARECIDA DE GOIANIA","GO - CRISTALINA","GO - JUSSARA","GO - SENADOR CANEDO","GO - MORRINHOS","GO - BELA VISTA DE GOIAS","GO - PORANGATU","GO - SILVANIA","GO - GOIANAPOLIS","GO - LUZIANIA","GO - ISRAELANDIA","GO - TRINDADE","GO - PADRE BERNARDO","GO - INDIARA","GO - MOZARLANDIA","GO - ITUMBIARA","GO - RIO VERDE","GO - ITAPURANGA","GO - CALDAS NOVAS","GO - GOIANIA","GO - SANCLERLANDIA","GO - CAMPOS BELOS","GO - AGUAS LINDAS DE GOIAS","GO - ANAPOLIS","GO - SAO LUIS DE MONTES BELOS","GO - GOIANESIA","GO - FORMOSA","ES - ARACRUZ","ES - SAO DOMINGOS DO NORTE","ES - GUARAPARI","ES - MARATAIZES","ES - SERRA","ES - LINHARES","ES - BARRA DE SAO FRANCISCO","ES - VIANA","ES - VILA VELHA","ES - COLATINA","ES - CARIACICA","ES - CACHOEIRO DE ITAPEMIRIM","ES - SAO MATEUS","DF - BRASILIA","CE - BARBALHA","CE - MARACANAU","CE - PACATUBA","CE - CEDRO","CE - CRATO","CE - FORTIM","CE - ICO","CE - IGUATU","CE - AQUIRAZ","CE - CRATEUS","CE - CAUCAIA","CE - SOBRAL","CE - ITAITINGA","CE - JUAZEIRO DO NORTE","CE - TIANGUA","CE - FORTALEZA","BA - IRECE","BA - CAMACARI","BA - CAETITE","BA - TEIXEIRA DE FREITAS","BA - EUNAPOLIS","BA - LAURO DE FREITAS","BA - ITABUNA","BA - JEQUIE","BA - FEIRA DE SANTANA","BA - ILHEUS","BA - PAULO AFONSO","BA - VALENCA","BA - SERRINHA","BA - BARREIRAS","BA - VITORIA DA CONQUISTA","BA - JUAZEIRO","BA - SIMOES FILHO","BA - SALVADOR","AP - MACAPA","AM - PARINTINS","AM - TABATINGA","AM - MAUES","AM - COARI","AM - TEFE","AM - ITACOATIARA","AM - HUMAITA","AM - MANACAPURU","AM - MANAUS","AL - GIRAU DO PONCIANO","AL - PILAR","AL - RIO LARGO","AL - MACEIO","AC - FEIJO","AC - TARAUACA","AC - SENA MADUREIRA","AC - BRASILEIA","AC - CRUZEIRO DO SUL","AC - RIO BRANCO","AC - SENADOR GUIOMARD"]