["TO - TOCANTINOPOLIS","TO - PORTO NACIONAL","TO - PALMAS","TO - PARAISO DO TOCANTINS","TO - GURUPI","TO - MIRACEMA DO TOCANTINS","TO - GUARAI","TO - DIANOPOLIS","TO - ARRAIAS","TO - COLINAS DO TOCANTINS","TO - ARAGUATINS","TO - ARAGUAINA","SP - VOTORANTIM","SP - VOTUPORANGA","SP - VALINHOS","SP - VARZEA PAULISTA","SP - TAUBATE","SP - TUPA","SP - TABOAO DA SERRA","SP - TATUI","SP - SUZANO","SP - SOROCABA","SP - SUMARE","SP - SAO VICENTE","SP - SERTAOZINHO","SP - SAO PAULO","SP - SAO ROQUE","SP - SAO JOSE DO RIO PRETO","SP - SAO JOSE DOS CAMPOS","SP - SAO CARLOS","SP - SAO JOAO DA BOA VISTA","SP - SAO CAETANO DO SUL","SP - SAO BERNARDO DO CAMPO","SP - SANTANA DE PARNAIBA","SP - SANTO ANDRE","SP - SANTOS","SP - SANTA BARBARA D OESTE","SP - SALTO","SP - RIBEIRAO PRETO","SP - RIBEIRAO PIRES","SP - RIO CLARO","SP - REGISTRO","SP - PRESIDENTE PRUDENTE","SP - PIRASSUNUNGA","SP - PRAIA GRANDE","SP - POA","SP - PIRACICABA","SP - PINDAMONHANGABA","SP - PAULINIA","SP - OSASCO","SP - OURINHOS","SP - MOGI GUACU","SP - MOGI MIRIM","SP - MOGI DAS CRUZES","SP - MIRANTE DO PARANAPANEMA","SP - MAUA","SP - LIMEIRA","SP - MARILIA","SP - LORENA","SP - LEME","SP - JAU","SP - JUNDIAI","SP - JANDIRA","SP - JACAREI","SP - ITAQUAQUECETUBA","SP - ITATIBA","SP - ITU","SP - ITAPEVA","SP - ITAPEVI","SP - ITAPETININGA","SP - ITANHAEM","SP - ITAPECERICA DA SERRA","SP - HORTOLANDIA","SP - INDAIATUBA","SP - GUARULHOS","SP - GUARUJA","SP - GUARATINGUETA","SP - FRANCO DA ROCHA","SP - FERRAZ DE VASCONCELOS","SP - FRANCA","SP - FRANCISCO MORATO","SP - EMBU DAS ARTES","SP - DIADEMA","SP - COTIA","SP - CUBATAO","SP - CATANDUVA","SP - CARAGUATATUBA","SP - CARAPICUIBA","SP - CACAPAVA","SP - CAIEIRAS","SP - CAMPINAS","SP - CABREUVA","SP - BRAGANCA PAULISTA","SP - BIRIGUI","SP - BAURU","SP - BOTUCATU","SP - BARUERI","SP - BARRETOS","SP - ARARAS","SP - ASSIS","SP - ATIBAIA","SP - ARARAQUARA","SP - ARACATUBA","SP - ANDRADINA","SP - ADAMANTINA","SP - AMERICANA","SE - SIMAO DIAS","SE - SAO CRISTOVAO","SE - PROPRIA","SE - NOSSA SENHORA DO SOCORRO","SE - NOSSA SENHORA DA GLORIA","SE - ITABAIANA","SE - LAGARTO","SE - ARACAJU","SE - CANINDE DE SAO FRANCISCO","SE - ESTANCIA","SC - TUBARAO","SC - XANXERE","SC - TIMBO","SC - TIJUCAS","SC - SAO MIGUEL DO OESTE","SC - SAO LOURENCO DO OESTE","SC - SAO JOAQUIM","SC - NAVEGANTES","SC - RIO DO SUL","SC - PALHOCA","SC - JOINVILLE","SC - LAGES","SC - MAFRA","SC - JARAGUA DO SUL","SC - JOACABA","SC - ITAPEMA","SC - FLORIANOPOLIS","SC - ITAJAI","SC - CRICIUMA","SC - CURITIBANOS","SC - CANOINHAS","SC - CONCORDIA","SC - CHAPECO","SC - CACADOR","SC - BRUSQUE","SC - BIGUACU","SC - BLUMENAU","SC - ARARANGUA","SC - BALNEARIO CAMBORIU","RS - VERA CRUZ","RS - VIAMAO","RS - VENANCIO AIRES","RS - VACARIA","RS - URUGUAIANA","RS - TRAMANDAI","RS - TORRES","RS - SOLEDADE","RS - TAQUARA","RS - SAPIRANGA","RS - SAPUCAIA DO SUL","RS - SAO LUIZ GONZAGA","RS - SAO LOURENCO DO SUL","RS - SAO LEOPOLDO","RS - SAO JERONIMO","RS - SAO JOSE DO NORTE","RS - SAO BORJA","RS - SAO GABRIEL","RS - SANTIAGO","RS - SANTO ANGELO","RS - SANTA VITORIA DO PALMAR","RS - SANTA ROSA","RS - SANT ANA DO LIVRAMENTO","RS - RIO PARDO","RS - SANTA MARIA","RS - SANTA CRUZ DO SUL","RS - PORTO ALEGRE","RS - RIO GRANDE","RS - PINHEIRO MACHADO","RS - PIRATINI","RS - PORTAO","RS - PELOTAS","RS - PASSO FUNDO","RS - PALMEIRA DAS MISSOES","RS - PAROBE","RS - PANAMBI","RS - OSORIO","RS - NOVO HAMBURGO","RS - NOVA SANTA RITA","RS - NOVA PRATA","RS - MONTENEGRO","RS - MARAU","RS - LAJEADO","RS - JAGUARAO","RS - ITAQUI","RS - IJUI","RS - IGREJINHA","RS - IMBE","RS - GRAVATAI","RS - GUAIBA","RS - GRAMADO","RS - FARROUPILHA","RS - ERECHIM","RS - ESTEIO","RS - ESTRELA","RS - ENCRUZILHADA DO SUL","RS - ELDORADO DO SUL","RS - DOM PEDRITO","RS - CRUZ ALTA","RS - DOIS IRMAOS","RS - CHARQUEADAS","RS - CAXIAS DO SUL","RS - CAPAO DO LEAO","RS - CARAZINHO","RS - CANOAS","RS - CANGUCU","RS - CAPAO DA CANOA","RS - CANELA","RS - CANDIOTA","RS - CAMPO BOM","RS - CACHOEIRINHA","RS - CAMAQUA","RS - CACHOEIRA DO SUL","RS - CACAPAVA DO SUL","RS - BENTO GONCALVES","RS - BAGE","RS - ALVORADA","RS - ALEGRETE","RR - RORAINOPOLIS","RR - UIRAMUTA","RR - BOA VISTA","RO - SAO FRANCISCO DO GUAPORE","RO - VILHENA","RO - ROLIM DE MOURA","RO - PORTO VELHO","RO - MACHADINHO D OESTE","RO - OURO PRETO DO OESTE","RO - JI-PARANA","RO - GUAJARA-MIRIM","RO - ESPIGAO D OESTE","RO - CACOAL","RO - CEREJEIRAS","RO - ARIQUEMES","RN - NATAL","RN - PAU DOS FERROS","RN - MOSSORO","RN - JOAO CAMARA","RN - PARNAMIRIM","RN - CAICO","RJ - VOLTA REDONDA","RN - ACU","RJ - TRES RIOS","RJ - VASSOURAS","RJ - SEROPEDICA","RJ - TERESOPOLIS","RJ - SAO PEDRO DA ALDEIA","RJ - SAQUAREMA","RJ - SAO JOAO DE MERITI","RJ - SAO GONCALO","RJ - RIO DE JANEIRO","RJ - RIO DAS OSTRAS","RJ - QUEIMADOS","RJ - PETROPOLIS","RJ - RESENDE","RJ - NOVA FRIBURGO","RJ - NOVA IGUACU","RJ - NILOPOLIS","RJ - NITEROI","RJ - MESQUITA","RJ - MESQUITA","RJ - MACAE","RJ - MAGE","RJ - JAPERI","RJ - ITAPERUNA","RJ - ITAGUAI","RJ - CASIMIRO DE ABREU","RJ - DUQUE DE CAXIAS","RJ - ITABORAI","RJ - CABO FRIO","RJ - CAMPOS DOS GOYTACAZES","RJ - BELFORD ROXO","RJ - BARRA MANSA","RJ - BARRA DO PIRAI","RJ - ARARUAMA","PR - UNIAO DA VITORIA","RJ - ANGRA DOS REIS","PR - UMUARAMA","PR - TOLEDO","PR - TELEMACO BORBA","PR - SARANDI","PR - SAO JOSE DOS PINHAIS","PR - SANTO ANTONIO DO SUDOESTE","PR - ROLANDIA","PR - QUATRO BARRAS","PR - PONTA GROSSA","PR - PONTAL DO PARANA","PR - PINHAIS","PR - PIRAQUARA","PR - PATO BRANCO","PR - PARANAGUA","PR - PARANAVAI","PR - PALMAS","PR - PAICANDU","PR - PALMEIRA","PR - MATINHOS","PR - MEDIANEIRA","PR - MARINGA","PR - MARIALVA","PR - MARECHAL CANDIDO RONDON","PR - MANDIRITUBA","PR - LARANJEIRAS DO SUL","PR - LONDRINA","PR - LAPA","PR - IBIPORA","PR - FRANCISCO BELTRAO","PR - GUARAPUAVA","PR - FOZ DO IGUACU","PR - FAZENDA RIO GRANDE","PR - DOIS VIZINHOS","PR - CURITIBA","PR - CORNELIO PROCOPIO","PR - COLOMBO","PR - CASTRO","PR - CIANORTE","PR - CAMPO MOURAO","PR - CAMPO MAGRO","PR - CASCAVEL","PR - CAMPINA GRANDE DO SUL","PR - CAMPO LARGO","PR - CAMBE","PR - ARAUCARIA","PR - ARAPONGAS","PR - ALMIRANTE TAMANDARE","PR - APUCARANA","PI - PICOS","PI - TERESINA","PI - PARNAIBA","PI - FLORIANO","PE - RECIFE","PE - SAO LOURENCO DA MATA","PE - PAULISTA","PE - OURICURI","PE - PETROLINA","PE - JABOATAO DOS GUARARAPES","PE - OLINDA","PE - CARUARU","PE - GARANHUNS","PB - SOUSA","PE - ABREU E LIMA","PB - PATOS","PB - CAMPINA GRANDE","PB - JOAO PESSOA","PB - CAJAZEIRAS","PA - XINGUARA","PA - TUCURUI","PA - TAILANDIA","PA - TOME-ACU","PA - SAO MIGUEL DO GUAMA","PA - SANTAREM","PA - REDENCAO","PA - SALINOPOLIS","PA - SANTA IZABEL DO PARA","PA - PRAINHA","PA - PORTEL","PA - PARAUAPEBAS","PA - ORIXIMINA","PA - PARAGOMINAS","PA - MONTE ALEGRE","PA - NOVO REPARTIMENTO","PA - OBIDOS","PA - MARITUBA","PA - ITAITUBA","PA - MARABA","PA - GOIANESIA DO PARA","PA - IGARAPE-ACU","PA - CASTANHAL","PA - CONCEICAO DO ARAGUAIA","PA - CAPANEMA","PA - BREVES","PA - CAMETA","PA - BELEM","PA - BARCARENA","PA - BRAGANCA","PA - ALTAMIRA","PA - ANANINDEUA","PA - ABAETETUBA","MT - VILA RICA","MT - VARZEA GRANDE","MT - TANGARA DA SERRA","MT - SINOP","MT - PRIMAVERA DO LESTE","MT - LUCAS DO RIO VERDE","MT - RONDONOPOLIS","MT - JUARA","MT - JUINA","MT - CUIABA","MT - GUARANTA DO NORTE","MT - CAMPO VERDE","MT - CACERES","MT - BARRA DO GARCAS","MS - TRES LAGOAS","MS - SIDROLANDIA","MS - SAO GABRIEL DO OESTE","MS - RIO BRILHANTE","MS - PONTA PORA","MS - PARANAIBA","MS - NOVA ANDRADINA","MS - NOVA ALVORADA DO SUL","MS - MARACAJU","MS - NAVIRAI","MS - JARDIM","MS - IGUATEMI","MS - FATIMA DO SUL","MS - COXIM","MS - DOURADOS","MS - CAMPO GRANDE","MS - CORUMBA","MS - BATAGUASSU","MS - BONITO","MS - CAARAPO","MS - AMAMBAI","MS - AQUIDAUANA","MG - VESPASIANO","MG - VICOSA","MG - VARGINHA","MG - UNAI","MG - UBERLANDIA","MG - UBA","MG - UBERABA","MG - SETE LAGOAS","MG - TEOFILO OTONI","MG - TRES MARIAS","MG - SAO SEBASTIAO DO PARAISO","MG - SAO JOAO DEL REI","MG - SALINAS","MG - SANTOS DUMONT","MG - SANTA LUZIA","MG - RIBEIRAO DAS NEVES","MG - SABARA","MG - PONTE NOVA","MG - POCOS DE CALDAS","MG - POUSO ALEGRE","MG - PEDRA AZUL","MG - PIRAPORA","MG - PATROCINIO","MG - PASSOS","MG - PATOS DE MINAS","MG - PARA DE MINAS","MG - PARACATU","MG - NOVA ERA","MG - OURO PRETO","MG - NOVA LIMA","MG - MURIAE","MG - NANUQUE","MG - MONTES CLAROS","MG - MONTE CARMELO","MG - MANTENA","MG - MANGA","MG - MANHUACU","MG - LEOPOLDINA","MG - LAVRAS","MG - LAGOA SANTA","MG - JUIZ DE FORA","MG - JANUARIA","MG - JANAUBA","MG - ITAUNA","MG - ITUIUTABA","MG - ITAJUBA","MG - ITAMARANDIBA","MG - ITABIRA","MG - IPATINGA","MG - IBIRITE","MG - GOVERNADOR VALADARES","MG - GUANHAES","MG - ESPINOSA","MG - FRUTAL","MG - DIAMANTINA","MG - ESMERALDAS","MG - DIVINOPOLIS","MG - CURVELO","MG - CORONEL FABRICIANO","MG - CONTAGEM","MG - CAXAMBU","MG - CONSELHEIRO LAFAIETE","MG - CARANGOLA","MG - CARATINGA","MG - CAPELINHA","MG - CAMPO BELO","MG - BOM DESPACHO","MG - BOCAIUVA","MG - BETIM","MG - BELO HORIZONTE","MG - ARAXA","MG - BARBACENA","MG - ALMENARA","MG - ALFENAS","MG - ARACUAI","MA - SAO LUIS","MA - TIMON","MA - SAO JOSE DE RIBAMAR","MA - SANTA INES","MA - PINHEIRO","MA - PACO DO LUMIAR","MA - IMPERATRIZ","MA - CAXIAS","MA - BARRA DO CORDA","MA - BALSAS","GO - VALPARAISO DE GOIAS","MA - ACAILANDIA","GO - TRINDADE","GO - SENADOR CANEDO","GO - SANTO ANTONIO DO DESCOBERTO","GO - RIO VERDE","GO - NEROPOLIS","GO - NOVO GAMA","GO - PLANALTINA","GO - MINEIROS","GO - MORRINHOS","GO - LUZIANIA","GO - JATAI","GO - JARAGUA","GO - INHUMAS","GO - ITUMBIARA","GO - GOIANIA","GO - GOIANIRA","GO - FORMOSA","GO - GOIANESIA","GO - CATALAO","GO - CIDADE OCIDENTAL","GO - CALDAS NOVAS","GO - ARAGARCAS","GO - BELA VISTA DE GOIAS","GO - APARECIDA DE GOIANIA","GO - ANAPOLIS","GO - AGUAS LINDAS DE GOIAS","ES - VITORIA","ES - VILA VELHA","ES - VIANA","ES - SERRA","ES - SAO MATEUS","ES - LINHARES","ES - GUARAPARI","ES - DOMINGOS MARTINS","ES - GUACUI","ES - COLATINA","ES - CARIACICA","ES - CACHOEIRO DE ITAPEMIRIM","ES - BARRA DE SAO FRANCISCO","ES - ARACRUZ","DF - BRASILIA","CE - TIANGUA","CE - SOBRAL","CE - TAUA","CE - SENADOR POMPEU","CE - PACAJUS","CE - QUIXADA","CE - MARACANAU","CE - LIMOEIRO DO NORTE","CE - JUAZEIRO DO NORTE","CE - JAGUARIBE","CE - ITAPIPOCA","CE - HORIZONTE","CE - IGUATU","CE - FORTALEZA","CE - CRATEUS","CE - CAUCAIA","CE - CANINDE","CE - CAMOCIM","CE - BATURITE","BA - VITORIA DA CONQUISTA","BA - VALENCA","BA - TEIXEIRA DE FREITAS","BA - SIMOES FILHO","BA - SERRINHA","BA - SENHOR DO BONFIM","BA - SEABRA","BA - SANTO ANTONIO DE JESUS","BA - SANTA MARIA DA VITORIA","BA - SALVADOR","BA - RIBEIRA DO POMBAL","BA - PORTO SEGURO","BA - PAULO AFONSO","BA - MUCURI","BA - NOVA VICOSA","BA - MACAUBAS","BA - LAURO DE FREITAS","BA - JUAZEIRO","BA - JEQUIE","BA - JACOBINA","BA - ITAPETINGA","BA - ITABUNA","BA - ITABERABA","BA - IRECE","BA - IPIRA","BA - ILHEUS","BA - FEIRA DE SANTANA","BA - EUNAPOLIS","BA - DIAS D AVILA","BA - CAMACARI","BA - CAETITE","BA - BOM JESUS DA LAPA","BA - BRUMADO","BA - BARREIRAS","BA - AMARGOSA","BA - ALAGOINHAS","AP - OIAPOQUE","AP - SANTANA","AP - MACAPA","AP - LARANJAL DO JARI","AM - SAO GABRIEL DA CACHOEIRA","AM - PRESIDENTE FIGUEIREDO","AM - PARINTINS","AM - MANAUS","AM - MANACAPURU","AM - HUMAITA","AL - UNIAO DOS PALMARES","AL - SAO MIGUEL DOS CAMPOS","AL - RIO LARGO","AL - SANTANA DO IPANEMA","AL - PORTO CALVO","AL - MACEIO","AL - DELMIRO GOUVEIA","AL - ARAPIRACA","AC - RIO BRANCO","AC - FEIJO","AC - CRUZEIRO DO SUL","AC - BRASILEIA"]