["RS - ESTEIO","BA - PORTO SEGURO","MG - BRASILIA DE MINAS","RN - SAO JOSE DE MIPIBU","BA - POJUCA","BA - LUIS EDUARDO MAGALHAES","MG - LAMBARI","AM - MARAA","PA - MOJU","SP - CACHOEIRA PAULISTA","AM - CAREIRO","SP - BARUERI","BA - SEABRA","SP - IGUAPE","BA - RIBEIRA DO POMBAL","SP - TABOAO DA SERRA","MA - SANTA HELENA","MA - ESPERANTINOPOLIS","PE - PETROLANDIA","RN - CURRAIS NOVOS","PE - CAMARAGIBE","AL - ATALAIA","PE - SURUBIM","RJ - VASSOURAS","BA - EUCLIDES DA CUNHA","AL - SANTANA DO IPANEMA","AM - BARREIRINHA","AM - MANAQUIRI","RJ - RIO BONITO","PA - CURUCA","AL - SAO LUIS DO QUITUNDE","MG - ALPINOPOLIS","RJ - CACHOEIRAS DE MACACU","AM - BORBA","MG - PIRANGA","RS - CACHOEIRINHA","MG - VIRGINOPOLIS","SP - BARRA BONITA","ES - VITORIA","MG - CARANGOLA","PE - BEZERROS","SP - JUQUITIBA","SC - CAMBORIU","SP - APIAI","RS - VIAMAO","RS - ALVORADA","PA - ALTAMIRA","MG - NOVA ERA","RS - SOBRADINHO","CE - INDEPENDENCIA","CE - GRANJA","CE - CANINDE","CE - CASCAVEL","MA - BURITICUPU","SP - JABOTICABAL","SC - BALNEARIO CAMBORIU","GO - GOIANIRA","PA - BARCARENA","PE - SAO JOSE DO BELMONTE","PE - ARARIPINA","PE - PAUDALHO","AM - BOA VISTA DO RAMOS","PR - FAZENDA RIO GRANDE","SP - SAO ROQUE","SP - VINHEDO","AM - NOVO ARIPUANA","AM - MANACAPURU","PR - SAO MIGUEL DO IGUACU","SP - GUARUJA","RS - BUTIA","SP - SANTOS","PI - CASTELO DO PIAUI","SP - BARRETOS","AM - URUCARA","SP - GUARATINGUETA","RJ - VALENCA","PR - SANTA TEREZINHA DE ITAIPU","PA - NOVO REPARTIMENTO","SC - SOMBRIO","AM - ANORI","RS - CAPAO DA CANOA","CE - JARDIM","CE - QUIXADA","SP - ITAPEVI","RJ - TRES RIOS","SP - SANTANA DE PARNAIBA","SP - BEBEDOURO","BA - CRUZ DAS ALMAS","PE - SAO LOURENCO DA MATA","CE - BARREIRA","RS - ROSARIO DO SUL","CE - PACAJUS","PE - PASSIRA","PE - IPOJUCA","RN - SAO GONCALO DO AMARANTE","RN - ACARI","CE - IPU","SC - SEARA","CE - ACARAU","RS - SARANDI","PR - MAUA DA SERRA","MG - CONCEICAO DO MATO DENTRO","AM - NHAMUNDA","CE - ITATIRA","PB - SAO BENTO","PI - CANTO DO BURITI","SE - ITABAIANINHA","SP - ESPIRITO SANTO DO PINHAL","AM - MANICORE","SP - IBATE","PA - CONCEICAO DO ARAGUAIA","CE - MARACANAU","RN - CANGUARETAMA","RJ - ANGRA DOS REIS","RJ - PETROPOLIS","CE - MILAGRES","CE - ITAPIPOCA","AL - PALMEIRA DOS INDIOS","PR - UNIAO DA VITORIA","SP - CARAPICUIBA","RS - FREDERICO WESTPHALEN","PE - SANTA MARIA DA BOA VISTA","DF - BRASILIA","SP - CRUZEIRO","MG - ITABIRA","MT - VARZEA GRANDE","PA - IGARAPE-MIRI","RJ - NOVA IGUACU","TO - ARAPOEMA","RJ - CABO FRIO","AM - BOCA DO ACRE","AM - NOVA OLINDA DO NORTE","AM - AUTAZES","BA - CONCEICAO DO JACUIPE","MA - SAO VICENTE FERRER","PA - MONTE ALEGRE","BA - SENHOR DO BONFIM","AM - BENJAMIN CONSTANT","AL - ARAPIRACA","ES - SANTA MARIA DE JETIBA","MA - SAO JOSE DE RIBAMAR","TO - ANANAS","BA - CANDEIAS","PR - LARANJEIRAS DO SUL","PR - CAMPO LARGO","MG - ARACUAI","MG - PIUMHI","PR - ALTO PARANA","PA - ITAITUBA","PR - SARANDI","PR - PARANAVAI","PR - MARIALVA","PR - JANDAIA DO SUL","SC - CURITIBANOS","BA - BRUMADO","BA - IRECE","RR - RORAINOPOLIS","PI - SAO RAIMUNDO NONATO","SP - GALIA","RS - CAMAQUA","RS - SAO FRANCISCO DE ASSIS","SP - MOGI DAS CRUZES","RS - JAGUARI","RS - SANTIAGO","SC - CANOINHAS","SC - RIO DO SUL","SC - MAFRA","SC - CONCORDIA","PR - DOIS VIZINHOS","CE - TIANGUA","PR - GUAIRA","SC - CACADOR","PA - CAPANEMA","MG - NEPOMUCENO","PR - LOANDA","PR - IPORA","PR - PARANACITY","PR - CIANORTE","AC - FEIJO","GO - EDEIA","MG - MATOZINHOS","PI - BOM JESUS","AM - MAUES","PR - PINHAIS","CE - IGUATU","CE - CRATEUS","TO - GURUPI","PE - TIMBAUBA","GO - POSSE","PA - SAO FELIX DO XINGU","GO - NIQUELANDIA","GO - CRISTALINA","GO - PLANALTINA","GO - RIO VERDE","GO - PONTALINA","MT - PEIXOTO DE AZEVEDO","BA - EUNAPOLIS","MT - BARRA DO BUGRES","MT - PARANATINGA","MT - ALTA FLORESTA","MT - NOBRES","MT - DIAMANTINO","PB - ALHANDRA","PB - BELEM","PB - SAO JOSE DE PIRANHAS","RO - SAO FRANCISCO DO GUAPORE","RO - COLORADO DO OESTE","RO - ALVORADA D OESTE","PE - LIMOEIRO","RS - SANTO ANGELO","PA - BENEVIDES","AC - TARAUACA","SP - BRAGANCA PAULISTA","SP - TAIUVA","SP - AVANHANDAVA","SP - BERNARDINO DE CAMPOS","PE - GOIANA","MG - GUARANESIA","MG - SAO LOURENCO","MG - JANAUBA","PE - BOM CONSELHO","SP - OSVALDO CRUZ","SP - ASSIS","SP - MONGAGUA","MG - BETIM","MG - TIMOTEO","MG - PRESIDENTE OLEGARIO","MG - SAO FRANCISCO","MG - CONSELHEIRO PENA","PE - VERDEJANTE","PR - MANDAGUARI","MG - SANTA MARIA DO SUACUI","RS - CERRO LARGO","RS - PALMEIRA DAS MISSOES","PR - IBIPORA","RS - SAO FRANCISCO DE PAULA","RS - JULIO DE CASTILHOS","RS - GRAVATAI","RS - CARAZINHO","PR - ASSAI","RS - TRES PASSOS","PR - CAMBARA","PR - APUCARANA","RS - BAGE","PR - CAMBE","PR - BANDEIRANTES","PR - FAXINAL","PR - ANDIRA","PR - CARLOPOLIS","PR - CORNELIO PROCOPIO","SC - LAGUNA","PR - PORECATU","PR - ENGENHEIRO BELTRAO","SC - TIJUCAS","SC - SAO MIGUEL DO OESTE","RS - SAO GABRIEL","SC - INDAIAL","MT - CAMPO NOVO DO PARECIS","GO - MINACU","GO - IPAMERI","GO - MINEIROS","GO - INHUMAS","MT - JUARA","GO - JUSSARA","MT - PORTO DOS GAUCHOS","MT - RONDONOPOLIS","PE - SALGUEIRO","PB - SAO JOAO DO CARIRI","MT - PRIMAVERA DO LESTE","PB - SAPE","PB - SERRA BRANCA","PB - ARARUNA","PB - PILAR","MA - SANTA INES","BA - ITABUNA","BA - SIMOES FILHO","BA - SERRINHA","RO - ALTA FLORESTA D OESTE","RO - OURO PRETO DO OESTE","PE - LAJEDO","RO - GUAJARA-MIRIM","PB - PIANCO","MA - GODOFREDO VIANA","MS - AMAMBAI","AC - SENADOR GUIOMARD","SP - SERTAOZINHO","RS - SAO LEOPOLDO","MT - ARENAPOLIS","RJ - DUQUE DE CAXIAS","MG - CONCEICAO DAS ALAGOAS","GO - ITUMBIARA","MT - JACIARA","GO - ANAPOLIS","GO - INDIARA","MG - ITABIRITO","GO - CAIAPONIA","MG - RIO PIRACICABA","SP - REGINOPOLIS","PR - GOIOERE","SP - AMERICANA","PB - MAMANGUAPE","MG - DIAMANTINA","MG - LEOPOLDINA","MG - LAGOA DA PRATA","PR - MARECHAL CANDIDO RONDON","MG - ALEM PARAIBA","MG - IPABA","SP - JUNQUEIROPOLIS","PR - IBAITI","MG - UBA","TO - PALMEIROPOLIS","PB - ITAPORANGA","TO - DIANOPOLIS","PR - JACAREZINHO","ES - SERRA","MG - VARGINHA","SE - SAO CRISTOVAO","MG - CARLOS CHAGAS","RN - CARAUBAS","RN - CAICO","TO - PORTO NACIONAL","TO - COLMEIA","TO - NATIVIDADE","PB - CUBATI","PB - PRINCESA ISABEL","PR - ORTIGUEIRA","MG - MANHUMIRIM","TO - ARRAIAS","GO - SANCLERLANDIA","RO - MACHADINHO D OESTE","MS - JATEI","BA - PAULO AFONSO","MG - TUPACIGUARA","MG - CAMPO BELO","MG - ARCOS","GO - PIRES DO RIO","SP - CAIUA","SP - PAULO DE FARIA","ES - SAO DOMINGOS DO NORTE","TO - TAGUATINGA","SP - REGISTRO","SP - MIRANDOPOLIS","ES - ARACRUZ","PA - REDENCAO","PB - GUARABIRA","PA - CAMETA","RS - SAO SEPE","RS - AGUDO","RS - CANDELARIA","RS - BENTO GONCALVES","RS - SAO BORJA","AL - GIRAU DO PONCIANO","RS - RIO GRANDE","RS - GUAIBA","RS - TORRES","RS - CACEQUI","SP - ITAI","PB - ALAGOA GRANDE","RS - DOM PEDRITO","SC - TUBARAO","SC - VIDEIRA","SC - SAO PEDRO DE ALCANTARA","SP - MAUA","SC - ARARANGUA","SC - IMBITUBA","PB - QUEIMADAS","SP - DIADEMA","SP - PORTO FELIZ","AC - CRUZEIRO DO SUL","RS - LAGOA VERMELHA","RS - IJUI","AM - HUMAITA","PR - CRUZEIRO DO OESTE","AM - TEFE","PA - VITORIA DO XINGU","MA - CAROLINA","CE - CAUCAIA","PR - CAMPO MOURAO","PR - TOLEDO","PR - LAPA","CE - TRAIRI","MS - IVINHEMA","MS - CAARAPO","PR - ASTORGA","MA - BARRA DO CORDA","GO - ISRAELANDIA","SP - NOVA INDEPENDENCIA","PE - CABO DE SANTO AGOSTINHO","GO - SANTO ANTONIO DO DESCOBERTO","RO - COSTA MARQUES","GO - NOVO GAMA","PR - IVAIPORA","PR - SENGES","PR - PATO BRANCO","MT - VILA RICA","PB - LAGOA SECA","MT - SANTA TEREZINHA","PR - TELEMACO BORBA","RN - CEARA-MIRIM","PE - ITAQUITINGA","MT - COLNIZA","AC - BRASILEIA","PR - JAGUARIAIVA","PR - ARAPOTI","MT - BARRA DO GARCAS","MT - LUCAS DO RIO VERDE","BA - ILHEUS","MA - GOVERNADOR NUNES FREIRE","RN - APODI","MA - COLINAS","MT - SORRISO","MA - SAO JOAO DOS PATOS","PB - PEDRAS DE FOGO","GO - SILVANIA","GO - CERES","PB - SANTA RITA","RO - JI-PARANA","PB - JACARAU","PR - BARRACAO","BA - BARREIRAS","RO - BURITIS","RO - PRESIDENTE MEDICI","PB - INGA","MS - CASSILANDIA","SC - SAO JOSE","TO - TALISMA","PE - GARANHUNS","MS - COXIM","MS - JARDIM","RJ - NOVA FRIBURGO","GO - BRAZABRANTES","GO - RUBIATABA","GO - GOIANAPOLIS","GO - BARRO ALTO","SP - VOTORANTIM","PR - CASTRO","PB - AROEIRAS","RJ - RESENDE","MA - GRAJAU","PA - PARAUAPEBAS","MA - PINHEIRO","MA - VIANA","MA - ZE DOCA","RS - LAJEADO","MA - IMPERATRIZ","SE - ESTANCIA","AL - RIO LARGO","SE - AREIA BRANCA","MG - TRES MARIAS","MG - VARZEA DA PALMA","MA - PRESIDENTE DUTRA","MG - TURMALINA","MT - PONTES E LACERDA","MG - CONGONHAS","MG - BICAS","MG - CAPELINHA","PE - TACAIMBO","MA - PACO DO LUMIAR","MG - PATOS DE MINAS","MG - BURITIS","PE - SANTA CRUZ DO CAPIBARIBE","MG - BOCAIUVA","SP - ICEM","MG - SERRO","MG - SANTA VITORIA","MG - MALACACHETA","SP - PERUIBE","MG - ITAPAGIPE","MG - TAIOBEIRAS","MG - ITAMARANDIBA","MG - MACHADO","MG - JACINTO","MG - CORINTO","MG - CANAPOLIS","SP - LUCELIA","SP - JARDINOPOLIS","PB - SOLANEA","PR - WENCESLAU BRAZ","MA - BALSAS","MA - PORTO FRANCO","MA - CODO","RJ - MACAE","SP - ITAPECERICA DA SERRA","SP - FLORINIA","CE - AQUIRAZ","MA - COROATA","PA - BREVES","SP - SAO BERNARDO DO CAMPO","TO - PALMAS","MA - ITAPECURU MIRIM","MA - PEDREIRAS","RS - CANOAS","GO - SERRANOPOLIS","MG - POUSO ALEGRE","MG - SALINAS","SP - ITATINGA","MA - BACABAL","MA - ACAILANDIA","SP - ANDRADINA","SP - BOTUCATU","SP - PRAIA GRANDE","SP - SAO CARLOS","SP - TAQUARITUBA","SP - JAU","SP - MARTINOPOLIS","SP - CARAGUATATUBA","SP - IARAS","SP - ALVARO DE CARVALHO","SP - PIRACICABA","SP - CAPELA DO ALTO","SP - FLORIDA PAULISTA","MG - BARAO DE COCAIS","MG - SAO SEBASTIAO DO PARAISO","MG - ARAGUARI","MG - JOAO MONLEVADE","ES - COLATINA","MG - CORONEL FABRICIANO","TO - COLINAS DO TOCANTINS","PR - PONTA GROSSA","MG - NOVA LIMA","RJ - SAO GONCALO","MG - TEOFILO OTONI","RS - ARROIO DO MEIO","MG - LAGOA SANTA","RS - JAGUARAO","RS - ENCANTADO","RS - TAQUARA","MG - MURIAE","RS - CACHOEIRA DO SUL","RS - ENCRUZILHADA DO SUL","RS - OSORIO","SC - FLORIANOPOLIS","SC - PORTO UNIAO","MG - PRATA","SC - ITUPORANGA","RO - VILHENA","PI - PICOS","SC - XANXERE","SC - SAO JOSE DO CEDRO","BA - CAMACARI","GO - IPORA","GO - LUZIANIA","CE - PACATUBA","CE - JUAZEIRO DO NORTE","GO - CALDAS NOVAS","MT - SAO FELIX DO ARAGUAIA","PB - SOUSA","BA - JEQUIE","MT - COLIDER","MT - CUIABA","MT - SINOP","PB - BAYEUX","PB - PATOS","PB - SANTA LUZIA","PB - MALTA","MA - DAVINOPOLIS","RO - ARIQUEMES","RO - CEREJEIRAS","PB - POMBAL","PE - CANHOTINHO","MS - NOVA ANDRADINA","RS - NOVO HAMBURGO","MG - SANTA RITA DO SAPUCAI","SP - JACAREI","RJ - CAMPOS DOS GOYTACAZES","MG - UBERLANDIA","SP - ARACATUBA","SP - PIRAJUI","SP - PACAEMBU","SP - HORTOLANDIA","MG - CARMO DO PARANAIBA","SP - CASA BRANCA","SP - SAO VICENTE","SP - ATIBAIA","SP - RIO CLARO","PE - IGARASSU","SP - PRESIDENTE PRUDENTE","SP - BIRIGUI","MG - CURVELO","MG - MONTES CLAROS","SP - TAUBATE","MG - MANTENA","MG - ERVALIA","MG - PATROCINIO","MG - VICOSA","MG - UBERABA","MG - ALFENAS","MG - ANDRADAS","MG - FRANCISCO SA","MG - SANTA LUZIA","MG - CAETE","MG - JANUARIA","MG - VISCONDE DO RIO BRANCO","MG - ITAOBIM","TO - CARIRI DO TOCANTINS","SE - NOSSA SENHORA DA GLORIA","TO - MIRANORTE","MG - FRUTAL","MG - ITAUNA","RJ - ITAPERUNA","RS - SANTA ROSA","ES - BARRA DE SAO FRANCISCO","SC - JOINVILLE","RS - CACAPAVA DO SUL","RS - ITAQUI","ES - GUARAPARI","PE - SERRA TALHADA","RO - ROLIM DE MOURA","SC - MARAVILHA","PI - PARNAIBA","SC - BRUSQUE","PR - ARAUCARIA","PR - SAO JOSE DOS PINHAIS","CE - SOBRAL","GO - GOIAS","GO - CIDADE OCIDENTAL","RN - MOSSORO","GO - PADRE BERNARDO","GO - URUACU","PE - ARCOVERDE","RN - PAU DOS FERROS","BA - VITORIA DA CONQUISTA","MT - ARAPUTANGA","PB - TEIXEIRA","PB - AREIA","PB - SOLEDADE","PB - CONCEICAO","PB - ITABAIANA","PB - JUAZEIRINHO","TO - TOCANTINOPOLIS","MA - ROSARIO","MA - CHAPADINHA","TO - FORMOSO DO ARAGUAIA","PE - VITORIA DE SANTO ANTAO","TO - AUGUSTINOPOLIS","MS - RIO BRILHANTE","PB - COREMAS","PI - TERESINA","RS - PASSO FUNDO","PE - CARUARU","MS - BATAGUASSU","MS - BATAGUASSU","SP - LIMEIRA","RJ - JAPERI","SP - JUNDIAI","SP - MARABA PAULISTA","RJ - NILOPOLIS","MG - ITUIUTABA","SP - ARARAQUARA","MG - SAO JOAO DEL REI","SP - SERRA AZUL","SP - RIOLANDIA","MG - PARACATU","SP - PRESIDENTE BERNARDES","MG - SANTOS DUMONT","MG - VESPASIANO","MG - NANUQUE","MG - MANGA","MG - PIRAPORA","MG - MANHUACU","MG - JUIZ DE FORA","MG - PASSOS","MG - OLIVEIRA","SP - PRACINHA","MG - BARBACENA","MG - DIVINOPOLIS","MG - POCOS DE CALDAS","MG - ARAXA","MG - ITAJUBA","MG - FORMIGA","MG - CATAGUASES","MG - MONTE CARMELO","ES - MARATAIZES","ES - VIANA","SE - TOBIAS BARRETO","ES - LINHARES","RN - NOVA CRUZ","PR - CASCAVEL","MG - PEDRA AZUL","ES - CACHOEIRO DE ITAPEMIRIM","MG - JABOTICATUBAS","MG - CONSELHEIRO LAFAIETE","RJ - MAGE","PA - CASTANHAL","PA - TOME-ACU","RS - CANGUCU","RS - CANELA","SC - ITAJAI","PA - ABAETETUBA","PA - ANANINDEUA","PI - ESPERANTINA","PI - ALTOS","SC - BARRA VELHA","AM - COARI","GO - SENADOR CANEDO","PR - PIRAQUARA","GO - AGUAS LINDAS DE GOIAS","GO - SAO LUIS DE MONTES BELOS","GO - TRINDADE","CE - FORTIM","CE - CRATO","RJ - NITEROI","CE - ITAITINGA","MT - AGUA BOA","GO - JATAI","PE - SALOA","MT - ALTO ARAGUAIA","BA - JUAZEIRO","MT - NORTELANDIA","BA - TEIXEIRA DE FREITAS","MT - CHAPADA DOS GUIMARAES","PB - BANANEIRAS","PB - CAMPINA GRANDE","PB - REMIGIO","PB - ESPERANCA","RJ - VOLTA REDONDA","PB - UMBUZEIRO","PB - CATOLE DO ROCHA","MA - TIMON","PB - ALAGOA NOVA","RO - PORTO VELHO","PA - SALINOPOLIS","PE - BUIQUE","PE - ILHA DE ITAMARACA","PB - CRUZ DO ESPIRITO SANTO","PB - CUITE","PB - ALAGOINHA","RS - PELOTAS","SC - CHAPECO","AC - RIO BRANCO","MS - PONTA PORA","PA - PARAGOMINAS","SP - MOGI GUACU","SP - MOGI MIRIM","RS - SAO VICENTE DO SUL","RJ - TERESOPOLIS","SP - ITAQUAQUECETUBA","SP - ITIRAPINA","RS - GUAPORE","SP - GETULINA","SP - TREMEMBE","SP - MOCOCA","SP - ITAPETININGA","SP - PONTAL","SP - CAMPINAS","SP - AVARE","RS - ARROIO DOS RATOS","MG - UNAI","SP - IRAPURU","MG - SACRAMENTO","MG - SAO JOAQUIM DE BICAS","MG - JEQUITINHONHA","SP - MARILIA","SP - PARAGUACU PAULISTA","RS - MONTENEGRO","SP - GUAREI","MG - JOAO PINHEIRO","MG - OURO PRETO","MG - CARATINGA","MG - LAVRAS","MG - PONTE NOVA","MG - TRES PONTAS","MG - TRES CORACOES","MG - INHAPIM","MG - MARIANA","MG - PARA DE MINAS","TO - PARAISO DO TOCANTINS","SC - JOACABA","TO - MIRACEMA DO TOCANTINS","TO - ARAGUAINA","TO - ARAGUATINS","MG - EUGENOPOLIS","PR - SANTO ANTONIO DA PLATINA","ES - SAO MATEUS","MG - PERDOES","PA - MARITUBA","PA - BRAGANCA","PA - MOCAJUBA","RS - VENANCIO AIRES","PA - BELEM","RS - ALEGRETE","RS - VACARIA","RS - ERECHIM","RS - SANTO CRISTO","RS - SANTA CRUZ DO SUL","RS - SANTA MARIA","RS - CRUZ ALTA","SC - JARAGUA DO SUL","SC - PALHOCA","SC - BIGUACU","SC - SAO CRISTOVAO DO SUL","RS - SANTA VITORIA DO PALMAR","RS - NOVA PRATA","RO - CACOAL","PI - OEIRAS","PI - FLORIANO","AM - MANAUS","RS - SOLEDADE","AM - ITACOATIARA","SC - CAMPOS NOVOS","PR - MARINGA","PR - FRANCISCO BELTRAO","RS - ESPUMOSO","ES - CARIACICA","GO - ITAPURANGA","BA - FEIRA DE SANTANA","GO - ACREUNA","GO - GOIANESIA","GO - PORANGATU","GO - APARECIDA DE GOIANIA","GO - FORMOSA","GO - JARAGUA","MT - CACERES","PE - ABREU E LIMA","MT - PORTO ALEGRE DO NORTE","MT - JUINA","BA - VALENCA","AL - MACEIO","MT - MIRASSOL D OESTE","MS - CORUMBA","PB - CAJAZEIRAS","PB - SAO JOAO DO RIO DO PEIXE","MA - SAO LUIS","PB - JOAO PESSOA","RR - BOA VISTA","RO - JARU","RO - SAO MIGUEL DO GUAPORE","PI - CAMPO MAIOR","RO - PIMENTA BUENO","PE - PALMARES","PE - PESQUEIRA","PE - PETROLINA","PB - UIRAUNA","AM - TABATINGA","MS - AQUIDAUANA","MS - SAO GABRIEL DO OESTE","MS - PARANAIBA","AM - PARINTINS","MS - DOIS IRMAOS DO BURITI","SC - LAGES","RS - URUGUAIANA","PE - RECIFE","RS - CAXIAS DO SUL","AC - SENA MADUREIRA","SC - BLUMENAU","MS - DOURADOS","SC - CRICIUMA","PR - CATANDUVAS","SC - SAO FRANCISCO DO SUL","SP - LORENA","MG - CONTAGEM","SP - SOROCABA","RS - SANT ANA DO LIVRAMENTO","SP - GUARIBA","PR - PITANGA","SP - BAURU","SP - GUARULHOS","RJ - BELFORD ROXO","PR - GUARAPUAVA","RJ - RIO DE JANEIRO","PR - PALOTINA","PR - CURITIBA","SP - LINS","RN - PARNAMIRIM","SP - SAO JOSE DOS CAMPOS","SP - IPERO","SP - BALBINOS","SP - FRANCA","SP - CERQUEIRA CESAR","SP - DRACENA","AP - MACAPA","SP - SUMARE","SP - AGUAI","SP - OURINHOS","SP - PRESIDENTE VENCESLAU","RN - NATAL","PR - FOZ DO IGUACU","SP - RIBEIRAO PRETO","SP - SAO JOSE DO RIO PRETO","SP - OSASCO","GO - GOIANIA","SP - MAIRINQUE","PA - MARABA","SP - VALPARAISO","PE - EXU","PR - ARAPONGAS","SP - SANTO ANDRE","MG - MONTE SANTO DE MINAS","PR - LONDRINA","SP - SAO PAULO","RS - CHARQUEADAS","MG - GUANHAES","MG - BOA ESPERANCA","MG - SANTA BARBARA","PR - CORBELIA","PR - UMUARAMA","MG - ALMENARA","PA - SANTAREM","MG - GOVERNADOR VALADARES","PA - SANTA IZABEL DO PARA","MG - RIBEIRAO DAS NEVES","PR - MANDAGUACU","PA - TUCURUI","CE - FORTALEZA","SP - TUPI PAULISTA","SP - FRANCO DA ROCHA","SP - POTIM","SP - LAVINIA","MG - SETE LAGOAS","MG - BELO HORIZONTE","MG - CAMPOS GERAIS","MS - CAMPO GRANDE","ES - VILA VELHA","RN - MACAU","BA - SALVADOR","PR - SANTO ANTONIO DO SUDOESTE","BA - LAURO DE FREITAS","PR - PALMAS","DF - BRASILIA","SE - NOSSA SENHORA DO SOCORRO","RN - NISIA FLORESTA","SE - ARACAJU","GO - ITABERAI","TO - GUARAI","RS - PORTO ALEGRE","MS - TRES LAGOAS"]