["TO - TOCANTINOPOLIS","TO - PALMAS","TO - PORTO NACIONAL","TO - PEDRO AFONSO","TO - PARAISO DO TOCANTINS","TO - MIRACEMA DO TOCANTINS","TO - GURUPI","TO - GUARAI","TO - DIANOPOLIS","TO - COLINAS DO TOCANTINS","TO - ARRAIAS","TO - ARAGUATINS","TO - ARAGUAINA","SP - VOTUPORANGA","SP - VOTORANTIM","SP - VARZEA PAULISTA","SP - VALINHOS","SP - UBATUBA","SP - TUPA","SP - TEODORO SAMPAIO","SP - TAUBATE","SP - TABOAO DA SERRA","SP - TATUI","SP - SUZANO","SP - SUMARE","SP - SOROCABA","SP - SERTAOZINHO","SP - SAO VICENTE","SP - SAO SEBASTIAO","SP - SAO PAULO","SP - SAO ROQUE","SP - SAO JOSE DOS CAMPOS","SP - SAO JOSE DO RIO PARDO","SP - SAO JOSE DO RIO PRETO","SP - SAO JOAO DA BOA VISTA","SP - SAO CAETANO DO SUL","SP - SAO CARLOS","SP - SAO BERNARDO DO CAMPO","SP - SANTO ANDRE","SP - SANTOS","SP - SANTANA DE PARNAIBA","SP - SANTA BARBARA D OESTE","SP - SANTA CRUZ DO RIO PARDO","SP - SALTO","SP - RIBEIRAO PRETO","SP - RIO CLARO","SP - RIBEIRAO PIRES","SP - PRESIDENTE PRUDENTE","SP - REGISTRO","SP - PRAIA GRANDE","SP - PRESIDENTE EPITACIO","SP - POA","SP - PIRAJU","SP - PIRASSUNUNGA","SP - PIRACICABA","SP - PINDAMONHANGABA","SP - PERUIBE","SP - PAULINIA","SP - PENAPOLIS","SP - OURINHOS","SP - OSASCO","SP - MOGI GUACU","SP - MOGI DAS CRUZES","SP - MAUA","SP - MIRASSOL","SP - MATAO","SP - MARILIA","SP - MAIRINQUE","SP - LORENA","SP - LINS","SP - LIMEIRA","SP - LEME","SP - JUNDIAI","SP - JAU","SP - JANDIRA","SP - JALES","SP - JACAREI","SP - JABOTICABAL","SP - ITU","SP - ITUVERAVA","SP - ITATIBA","SP - ITARARE","SP - ITAQUAQUECETUBA","SP - ITAPEVI","SP - ITAPEVA","SP - ITAPETININGA","SP - ITAPECERICA DA SERRA","SP - INDAIATUBA","SP - ITANHAEM","SP - IGUAPE","SP - IBITINGA","SP - IBIUNA","SP - GUARULHOS","SP - HORTOLANDIA","SP - GUARUJA","SP - FRANCO DA ROCHA","SP - GUARATINGUETA","SP - FRANCA","SP - FRANCISCO MORATO","SP - FERRAZ DE VASCONCELOS","SP - EMBU DAS ARTES","SP - FERNANDOPOLIS","SP - DRACENA","SP - CUBATAO","SP - DIADEMA","SP - CRUZEIRO","SP - COTIA","SP - CATANDUVA","SP - CARAGUATATUBA","SP - CARAPICUIBA","SP - CAPAO BONITO","SP - CAMPO LIMPO PAULISTA","SP - CAMPOS DO JORDAO","SP - CACAPAVA","SP - CAMPINAS","SP - BRAGANCA PAULISTA","SP - BOITUVA","SP - BOTUCATU","SP - BIRIGUI","SP - BEBEDOURO","SP - BAURU","SP - BATATAIS","SP - BARUERI","SP - BARRETOS","SP - AVARE","SP - ASSIS","SP - ATIBAIA","SP - ARARAS","SP - ARUJA","SP - ARARAQUARA","SP - APIAI","SP - ARACATUBA","SP - ANDRADINA","SP - AMPARO","SP - AMERICANA","SE - TOBIAS BARRETO","SE - PROPRIA","SE - SAO CRISTOVAO","SE - PORTO DA FOLHA","SE - NOSSA SENHORA DAS DORES","SE - NOSSA SENHORA DO SOCORRO","SE - LAGARTO","SE - NOSSA SENHORA DA GLORIA","SE - JAPARATUBA","SE - ITABAIANA","SE - ITABAIANINHA","SE - ARACAJU","SC - XANXERE","SC - VIDEIRA","SC - TUBARAO","SC - TIJUCAS","SC - TIMBO","SC - SOMBRIO","SC - TAIO","SC - SEARA","SC - SAO LOURENCO DO OESTE","SC - SAO MIGUEL DO OESTE","SC - SAO JOSE","SC - SAO JOSE DO CEDRO","SC - SAO JOAQUIM","SC - SAO BENTO DO SUL","SC - SAO FRANCISCO DO SUL","SC - RIO DO SUL","SC - PALMITOS","SC - QUILOMBO","SC - PALHOCA","SC - NAVEGANTES","SC - MARAVILHA","SC - LAGUNA","SC - MAFRA","SC - LAGES","SC - JOINVILLE","SC - JARAGUA DO SUL","SC - ITUPORANGA","SC - ITAPIRANGA","SC - ITAPEMA","SC - INDAIAL","SC - ITAJAI","SC - IMBITUBA","SC - HERVAL D OESTE","SC - IBIRAMA","SC - GUARAMIRIM","SC - FLORIANOPOLIS","SC - GASPAR","SC - CURITIBANOS","SC - CRICIUMA","SC - CONCORDIA","SC - CHAPECO","SC - CANOINHAS","SC - CAMPOS NOVOS","SC - CAMBORIU","SC - CACADOR","SC - BRACO DO NORTE","SC - BRUSQUE","SC - BLUMENAU","SC - BALNEARIO CAMBORIU","SC - BIGUACU","SC - ARARANGUA","SC - ARAQUARI","RS - VIAMAO","RS - VACARIA","RS - URUGUAIANA","RS - TRES PASSOS","RS - SOLEDADE","RS - TORRES","RS - SAPUCAIA DO SUL","RS - SAO LUIZ GONZAGA","RS - SAPIRANGA","RS - SAO LEOPOLDO","RS - SAO BORJA","RS - SAO GABRIEL","RS - SANTO ANGELO","RS - SANTA ROSA","RS - SANTIAGO","RS - SANTA MARIA","RS - SANTA CRUZ DO SUL","RS - RIO GRANDE","RS - PORTO ALEGRE","RS - PORTAO","RS - PELOTAS","RS - PASSO FUNDO","RS - OSORIO","RS - MONTENEGRO","RS - NOVO HAMBURGO","RS - LAJEADO","RS - IJUI","RS - GUAIBA","RS - GRAVATAI","RS - FREDERICO WESTPHALEN","RS - ERECHIM","RS - CRUZ ALTA","RS - CAXIAS DO SUL","RS - CAPAO DA CANOA","RS - CARAZINHO","RS - CANOAS","RS - CAMAQUA","RS - CACHOEIRINHA","RS - CACHOEIRA DO SUL","RS - BENTO GONCALVES","RS - BAGE","RS - ALEGRETE","RS - ALVORADA","RR - BOA VISTA","RO - MIRANTE DA SERRA","RO - BURITIS","RO - ALTO ALEGRE DOS PARECIS","RO - VILHENA","RO - SAO MIGUEL DO GUAPORE","RO - PORTO VELHO","RO - ROLIM DE MOURA","RO - MACHADINHO D OESTE","RO - PIMENTA BUENO","RO - JARU","RO - JI-PARANA","RO - GUAJARA-MIRIM","RO - CEREJEIRAS","RO - ESPIGAO D OESTE","RO - ARIQUEMES","RO - CACOAL","RN - SAO PAULO DO POTENGI","RN - SANTA CRUZ","RN - SAO GONCALO DO AMARANTE","RN - PATU","RN - PAU DOS FERROS","RN - NOVA CRUZ","RN - NATAL","RN - MACAU","RN - MOSSORO","RN - PARNAMIRIM","RN - JOAO CAMARA","RN - CURRAIS NOVOS","RN - CEARA-MIRIM","RN - CAICO","RN - APODI","RN - ANGICOS","RN - ACU","RJ - VOLTA REDONDA","RJ - TRES RIOS","RJ - TERESOPOLIS","RJ - SEROPEDICA","RJ - SAQUAREMA","RJ - SAO JOAO DE MERITI","RJ - SAO PEDRO DA ALDEIA","RJ - SAO FIDELIS","RJ - SAO GONCALO","RJ - SAO FRANCISCO DE ITABAPOANA","RJ - RIO DE JANEIRO","RJ - SANTO ANTONIO DE PADUA","RJ - RESENDE","RJ - RIO DAS OSTRAS","RJ - QUEIMADOS","RJ - PIRAI","RJ - PETROPOLIS","RJ - PARACAMBI","RJ - NOVA FRIBURGO","RJ - NOVA IGUACU","RJ - NITEROI","RJ - NILOPOLIS","RJ - MESQUITA","RJ - MARICA","RJ - MACAE","RJ - MAGE","RJ - ITAPERUNA","RJ - JAPERI","RJ - ITABORAI","RJ - ITAGUAI","RJ - DUQUE DE CAXIAS","RJ - CABO FRIO","RJ - CAMPOS DOS GOYTACAZES","RJ - BOM JESUS DO ITABAPOANA","RJ - BELFORD ROXO","RJ - BARRA MANSA","RJ - ARARUAMA","RJ - BARRA DO PIRAI","PR - WENCESLAU BRAZ","RJ - ANGRA DOS REIS","PR - UNIAO DA VITORIA","PR - TOLEDO","PR - UMUARAMA","PR - TELEMACO BORBA","PR - SARANDI","PR - SAO MATEUS DO SUL","PR - SAO JOSE DOS PINHAIS","PR - RIO NEGRO","PR - RIO BRANCO DO SUL","PR - PRUDENTOPOLIS","PR - PRUDENTOPOLIS","PR - PONTA GROSSA","PR - PIRAQUARA","PR - PITANGA","PR - PATO BRANCO","PR - PINHAIS","PR - PARANAVAI","PR - PALMAS","PR - PARANAGUA","PR - MEDIANEIRA","PR - MARINGA","PR - MATINHOS","PR - MARECHAL CANDIDO RONDON","PR - LOANDA","PR - LONDRINA","PR - LAPA","PR - LARANJEIRAS DO SUL","PR - JACAREZINHO","PR - IVAIPORA","PR - IRATI","PR - IBAITI","PR - GUARAPUAVA","PR - GOIOERE","PR - FRANCISCO BELTRAO","PR - FOZ DO IGUACU","PR - DOIS VIZINHOS","PR - FAZENDA RIO GRANDE","PR - CURITIBA","PR - CORNELIO PROCOPIO","PR - COLOMBO","PR - COLORADO","PR - CIANORTE","PR - CHOPINZINHO","PR - CASCAVEL","PR - CAMPO MOURAO","PR - CAMPO LARGO","PR - CAMBE","PR - ASSIS CHATEAUBRIAND","PR - ARAUCARIA","PR - ARAPONGAS","PR - APUCARANA","PR - ALMIRANTE TAMANDARE","PI - VALENCA DO PIAUI","PI - UNIAO","PI - URUCUI","PI - TERESINA","PI - SAO RAIMUNDO NONATO","PI - SAO JOAO DO PIAUI","PI - PIRIPIRI","PI - PIO IX","PI - PICOS","PI - PEDRO II","PI - PAULISTANA","PI - OEIRAS","PI - PARNAIBA","PI - FLORIANO","PI - CORRENTE","PI - CAMPO MAIOR","PI - BOM JESUS","PI - BARRAS","PI - AGUA BRANCA","PE - VITORIA DE SANTO ANTAO","PE - SERRA TALHADA","PE - SURUBIM","PE - SAO LOURENCO DA MATA","PE - SANTA CRUZ DO CAPIBARIBE","PE - SALGUEIRO","PE - RECIFE","PE - PETROLINA","PE - PESQUEIRA","PE - PAULISTA","PE - PALMARES","PE - OLINDA","PE - OURICURI","PE - NAZARE DA MATA","PE - JABOATAO DOS GUARARAPES","PE - IPOJUCA","PE - IGARASSU","PE - GARANHUNS","PE - FLORESTA","PE - CARUARU","PE - CARPINA","PE - CAMARAGIBE","PE - CABO DE SANTO AGOSTINHO","PE - BELO JARDIM","PE - ARCOVERDE","PE - AFOGADOS DA INGAZEIRA","PE - ARARIPINA","PE - ABREU E LIMA","PB - SOUSA","PB - SAPE","PB - SANTA RITA","PB - RIO TINTO","PB - PRINCESA ISABEL","PB - POMBAL","PB - PATOS","PB - MAMANGUAPE","PB - MONTEIRO","PB - JUAREZ TAVORA","PB - JOAO PESSOA","PB - ITAPORANGA","PB - CUITE","PB - GUARABIRA","PB - CATOLE DO ROCHA","PB - CAMPINA GRANDE","PB - CAJAZEIRAS","PA - XINGUARA","PA - TUCURUI","PA - TOME-ACU","PA - SOURE","PA - SAO FELIX DO XINGU","PA - SANTAREM","PA - PRAINHA","PA - REDENCAO","PA - PORTEL","PA - PARAUAPEBAS","PA - PARAGOMINAS","PA - OEIRAS DO PARA","PA - OBIDOS","PA - MARITUBA","PA - MARABA","PA - ITAITUBA","PA - IGARAPE-ACU","PA - CASTANHAL","PA - CAPITAO POCO","PA - CAPANEMA","PA - CAMETA","PA - CANAA DOS CARAJAS","PA - BREVES","PA - BRAGANCA","PA - BELEM","PA - ANANINDEUA","PA - BARCARENA","PA - ANAJAS","PA - ALTAMIRA","PA - AFUA","PA - ABAETETUBA","MT - VARZEA GRANDE","MT - TANGARA DA SERRA","MT - SORRISO","MT - SINOP","MT - RONDONOPOLIS","MT - PRIMAVERA DO LESTE","MT - PONTES E LACERDA","MT - NOVA MUTUM","MT - LUCAS DO RIO VERDE","MT - GUARANTA DO NORTE","MT - CUIABA","MT - CONFRESA","MT - CACERES","MT - ALTA FLORESTA","MT - BARRA DO GARCAS","MS - TRES LAGOAS","MS - PONTA PORA","MS - DOURADOS","MS - COXIM","MS - CORUMBA","MS - CAMPO GRANDE","MS - AQUIDAUANA","MG - VICOSA","MG - VESPASIANO","MG - VARGINHA","MG - UNAI","MG - UBERLANDIA","MG - UBERABA","MG - UBA","MG - TRES CORACOES","MG - TEOFILO OTONI","MG - SETE LAGOAS","MG - SAO LOURENCO","MG - SAO JOAO DEL REI","MG - SANTA LUZIA","MG - SALINAS","MG - SABARA","MG - RIBEIRAO DAS NEVES","MG - POUSO ALEGRE","MG - PORTEIRINHA","MG - PONTE NOVA","MG - PIRAPORA","MG - POCOS DE CALDAS","MG - PATROCINIO","MG - PATOS DE MINAS","MG - PASSOS","MG - PARACATU","MG - PARA DE MINAS","MG - OURO PRETO","MG - NOVA SERRANA","MG - NOVA LIMA","MG - MUZAMBINHO","MG - MURIAE","MG - MONTES CLAROS","MG - MONTE CARMELO","MG - MARIANA","MG - MANHUACU","MG - MACHADO","MG - LEOPOLDINA","MG - LAVRAS","MG - LAGOA SANTA","MG - JUIZ DE FORA","MG - JOAO PINHEIRO","MG - JOAO MONLEVADE","MG - JANUARIA","MG - JANAUBA","MG - ITAUNA","MG - ITUIUTABA","MG - ITAMARANDIBA","MG - ITAJUBA","MG - ITABIRA","MG - IPATINGA","MG - INCONFIDENTES","MG - IBIRITE","MG - GUAXUPE","MG - GUANHAES","MG - GOVERNADOR VALADARES","MG - FRUTAL","MG - FORMIGA","MG - DIVINOPOLIS","MG - DIAMANTINA","MG - CURVELO","MG - CORONEL FABRICIANO","MG - CONTAGEM","MG - CONSELHEIRO LAFAIETE","MG - CONGONHAS","MG - CARATINGA","MG - CARANGOLA","MG - CAPELINHA","MG - CAMPO BELO","MG - BOM DESPACHO","MG - BETIM","MG - BELO HORIZONTE","MG - BARBACENA","MG - ARAXA","MG - ARAGUARI","MG - ARACUAI","MG - ALMENARA","MG - ALFENAS","MA - VIANA","MA - ZE DOCA","MA - TIMON","MA - SAO LUIS","MA - SAO JOSE DE RIBAMAR","MA - SAO JOAO DOS PATOS","MA - SANTA INES","MA - PRESIDENTE DUTRA","MA - PINHEIRO","MA - PEDREIRAS","MA - LAGO DA PEDRA","MA - PACO DO LUMIAR","MA - ITAPECURU MIRIM","MA - IMPERATRIZ","MA - CODO","MA - COELHO NETO","MA - CHAPADINHA","MA - CAXIAS","MA - BURITICUPU","MA - BARRA DO CORDA","MA - BALSAS","MA - BACABAL","MA - BACABEIRA","MA - ACAILANDIA","GO - VIANOPOLIS","GO - VALPARAISO DE GOIAS","GO - URUACU","GO - TRINDADE","GO - SENADOR CANEDO","GO - SAO MIGUEL DO ARAGUAIA","GO - SAO LUIS DE MONTES BELOS","GO - SANTA TEREZINHA DE GOIAS","GO - SANTA HELENA DE GOIAS","GO - RUBIATABA","GO - RIO VERDE","GO - QUIRINOPOLIS","GO - POSSE","GO - PORANGATU","GO - PIRES DO RIO","GO - PLANALTINA","GO - NOVO GAMA","GO - MORRINHOS","GO - MINEIROS","GO - LUZIANIA","GO - MINACU","GO - JUSSARA","GO - JATAI","GO - ITUMBIARA","GO - ITAPURANGA","GO - ITABERAI","GO - IPORA","GO - INHUMAS","GO - GOIAS","GO - GOIATUBA","GO - GOIANIA","GO - GOIANESIA","GO - FORMOSA","GO - CEZARINA","GO - CERES","GO - CATALAO","GO - CAMPOS BELOS","GO - CALDAS NOVAS","GO - APARECIDA DE GOIANIA","GO - BELA VISTA DE GOIAS","GO - ANAPOLIS","GO - AGUAS LINDAS DE GOIAS","ES - VITORIA","ES - VENDA NOVA DO IMIGRANTE","ES - VILA VELHA","ES - SERRA","ES - SAO MATEUS","ES - NOVA VENECIA","ES - LINHARES","ES - GUARAPARI","ES - COLATINA","ES - CARIACICA","ES - CACHOEIRO DE ITAPEMIRIM","ES - BARRA DE SAO FRANCISCO","ES - ARACRUZ","ES - ALEGRE","DF - BRASILIA","CE - TIANGUA","CE - TAUA","CE - SOBRAL","CE - REDENCAO","CE - QUIXERAMOBIM","CE - QUIXADA","CE - MOMBACA","CE - PACAJUS","CE - MARANGUAPE","CE - MARACANAU","CE - LIMOEIRO DO NORTE","CE - JUAZEIRO DO NORTE","CE - JAGUARIBE","CE - ITAPIPOCA","CE - IGUATU","CE - ITAPAGE","CE - GUARACIABA DO NORTE","CE - FORTALEZA","CE - CRATO","CE - CRATEUS","CE - CEDRO","CE - CANINDE","CE - CAUCAIA","CE - CAMPOS SALES","CE - CAMOCIM","CE - BREJO SANTO","CE - BOA VIAGEM","CE - BATURITE","CE - ARACATI","CE - ACARAU","BA - VITORIA DA CONQUISTA","BA - VALENCA","BA - TEIXEIRA DE FREITAS","BA - SIMOES FILHO","BA - SERRINHA","BA - SERRA DO RAMALHO","BA - SENHOR DO BONFIM","BA - SEABRA","BA - SAO FRANCISCO DO CONDE","BA - SANTO ANTONIO DE JESUS","BA - SANTO ESTEVAO","BA - SANTO AMARO","BA - SALVADOR","BA - SANTA MARIA DA VITORIA","BA - PORTO SEGURO","BA - PAULO AFONSO","BA - MACAUBAS","BA - LUIS EDUARDO MAGALHAES","BA - LAURO DE FREITAS","BA - JUAZEIRO","BA - JACOBINA","BA - JEQUIE","BA - ITAPETINGA","BA - ITABUNA","BA - ITABERABA","BA - IRECE","BA - IPIAU","BA - ILHEUS","BA - GUANAMBI","BA - FEIRA DE SANTANA","BA - EUNAPOLIS","BA - EUCLIDES DA CUNHA","BA - CONCEICAO DO COITE","BA - CRUZ DAS ALMAS","BA - CAPIM GROSSO","BA - CAMACARI","BA - CAETITE","BA - CACHOEIRA","BA - BRUMADO","BA - BOM JESUS DA LAPA","BA - BARREIRAS","BA - BARRA","BA - AMARGOSA","BA - ALAGOINHAS","AP - SANTANA","AP - OIAPOQUE","AP - LARANJAL DO JARI","AP - MACAPA","AM - TEFE","AM - TABATINGA","AM - RIO PRETO DA EVA","AM - NOVO AIRAO","AM - PARINTINS","AM - MANAUS","AM - MANACAPURU","AM - LABREA","AM - JURUA","AM - ITACOATIARA","AM - HUMAITA","AM - COARI","AM - BOCA DO ACRE","AM - BENJAMIN CONSTANT","AL - UNIAO DOS PALMARES","AL - SAO MIGUEL DOS CAMPOS","AL - SAO JOSE DA TAPERA","AL - SANTANA DO IPANEMA","AL - PENEDO","AL - PALMEIRA DOS INDIOS","AL - OLHO D AGUA DAS FLORES","AL - MARAGOGI","AL - MACEIO","AL - DELMIRO GOUVEIA","AL - CAJUEIRO","AL - ARAPIRACA","AC - SENA MADUREIRA","AC - RIO BRANCO","AC - CRUZEIRO DO SUL"]